id_iniciativa,ruta_iniciativa,ruta_decreto
1140,,storage/decretos/ACUERDO 1.pdf
1141,storage/iniciativas/2-OFIC-LICEN-TEMP-ELENA-PM.pdf,storage/decretos/ACUERDO 2.pdf
1142,storage/iniciativas/3-OFIC-LICEN-TEMP-GUTIERREZ-PM.pdf,storage/decretos/ACUERDO 3.pdf
1,storage/iniciativas/1-INI-JUCOPO.doc,storage/decretos/DECRETO 1.pdf
1143,storage/iniciativas/4-MINUTA-CPEUM-PJUDICIAL.pdf,storage/decretos/ACUERDO 4-minuta.pdf
1144,,storage/decretos/ACUERDO 5.pdf
2,storage/iniciativas/1-3-OF-TABLAS DE VALOR 2025-19-SEP-24.doc,storage/decretos/DECRETO 54.pdf
3,storage/iniciativas/1-3-OF-TABLAS DE VALOR 2025-19-SEP-24.doc,storage/decretos/DECRETO 54.pdf
4,storage/iniciativas/1-3-OF-TABLAS DE VALOR 2025-19-SEP-24.doc,storage/decretos/DECRETO 54.pdf
5,storage/iniciativas/3-RENUNC-MAGISTRADO-oficio.pdf,storage/decretos/Dec. 7.pdf
6,storage/iniciativas/4-12-OF-TABLAS DE VALOR 2025-26-SEP-24.doc,storage/decretos/DECRETO 54.pdf
7,storage/iniciativas/4-12-OF-TABLAS DE VALOR 2025-26-SEP-24.doc,storage/decretos/DECRETO 54.pdf
8,storage/iniciativas/4-12-OF-TABLAS DE VALOR 2025-26-SEP-24.doc,storage/decretos/DECRETO 54.pdf
9,storage/iniciativas/4-12-OF-TABLAS DE VALOR 2025-26-SEP-24.doc,storage/decretos/DECRETO 54.pdf
10,storage/iniciativas/4-12-OF-TABLAS DE VALOR 2025-26-SEP-24.doc,storage/decretos/DECRETO 54.pdf
11,storage/iniciativas/4-12-OF-TABLAS DE VALOR 2025-26-SEP-24.doc,storage/decretos/DECRETO 54.pdf
12,storage/iniciativas/4-12-OF-TABLAS DE VALOR 2025-26-SEP-24.doc,storage/decretos/DECRETO 54.pdf
13,storage/iniciativas/4-12-OF-TABLAS DE VALOR 2025-26-SEP-24.doc,storage/decretos/DECRETO 54.pdf
14,storage/iniciativas/4-12-OF-TABLAS DE VALOR 2025-26-SEP-24.doc,storage/decretos/DECRETO 54.pdf
1145,,storage/decretos/ACUERDO 6.pdf
1146,storage/iniciativas/7-MINUTA-CPEUM-PUEBLOS Y COMUNIDADES.pdf,storage/decretos/ACUERDO 7-minuta.pdf
1147,storage/iniciativas/8-MINUTA-CPEUM-GUARDIA NACIONAL.pdf,storage/decretos/ACUERDO 8-minuta.pdf
15,storage/iniciativas/4-INIC-TITULAR-COMUNICACIÓN SOCIAL.doc,storage/decretos/DECRETO 2.pdf
16,storage/iniciativas/13-INIC-VIVIENDA-PVEM.pdf,
a4fbb4f7-7222-446c-a23a-6575223a7b72,storage/iniciativas/3-SOLIC-LIM-ACOLM-ECAT-BEATRIZ-PM.pdf,
17,storage/iniciativas/14-INIC-CONGRESO-DESARR-FORESTA-MEJIA-PRI.pdf,storage/decretos/4-INIC-CONGRESO-FORESTAL-MEJIA-PRI.pdf
18,storage/iniciativas/15-INIC-IGUALDAD-KRISHNA-PAN.docx,
19,storage/iniciativas/16-INIC-CONST-RUTH-PMC.pdf,storage/decretos/DECRETO 99.pdf
695,storage/iniciativas/4-INIC-ABROGA-UNIVERSIDAD-NAUCALPAN-VARGAS-PM.pdf,storage/decretos/DECRETO 129.pdf
20,storage/iniciativas/17-INIC-SALUD-PRD.pdf,
21,storage/iniciativas/18-38-OFIC-TABLAS DE VALOR 2025-21.doc,storage/decretos/Tablas de valores.pdf
22,storage/iniciativas/18-38-OFIC-TABLAS DE VALOR 2025-21.doc,storage/decretos/DECRETO 54.pdf
23,storage/iniciativas/18-38-OFIC-TABLAS DE VALOR 2025-21.doc,storage/decretos/DECRETO 54.pdf
24,storage/iniciativas/18-38-OFIC-TABLAS DE VALOR 2025-21.doc,storage/decretos/DECRETO 54.pdf
25,storage/iniciativas/18-38-OFIC-TABLAS DE VALOR 2025-21.doc,storage/decretos/DECRETO 54.pdf
26,storage/iniciativas/18-38-OFIC-TABLAS DE VALOR 2025-21.doc,storage/decretos/DECRETO 54.pdf
27,storage/iniciativas/18-38-OFIC-TABLAS DE VALOR 2025-21.doc,storage/decretos/DECRETO 54.pdf
28,storage/iniciativas/18-38-OFIC-TABLAS DE VALOR 2025-21.doc,storage/decretos/DECRETO 54.pdf
29,storage/iniciativas/18-38-OFIC-TABLAS DE VALOR 2025-21.doc,storage/decretos/DECRETO 54.pdf
30,storage/iniciativas/18-38-OFIC-TABLAS DE VALOR 2025-21.doc,storage/decretos/DECRETO 54.pdf
31,storage/iniciativas/18-38-OFIC-TABLAS DE VALOR 2025-21.doc,storage/decretos/DECRETO 54.pdf
32,storage/iniciativas/18-38-OFIC-TABLAS DE VALOR 2025-21.doc,storage/decretos/DECRETO 54.pdf
33,storage/iniciativas/18-38-OFIC-TABLAS DE VALOR 2025-21.doc,storage/decretos/DECRETO 54.pdf
34,storage/iniciativas/18-38-OFIC-TABLAS DE VALOR 2025-21.doc,storage/decretos/DECRETO 54.pdf
35,storage/iniciativas/18-38-OFIC-TABLAS DE VALOR 2025-21.doc,storage/decretos/DECRETO 54.pdf
36,storage/iniciativas/18-38-OFIC-TABLAS DE VALOR 2025-21.doc,storage/decretos/DECRETO 54.pdf
37,storage/iniciativas/18-38-OFIC-TABLAS DE VALOR 2025-21.doc,storage/decretos/DECRETO 54.pdf
38,storage/iniciativas/18-38-OFIC-TABLAS DE VALOR 2025-21.doc,storage/decretos/DECRETO 54.pdf
39,storage/iniciativas/18-38-OFIC-TABLAS DE VALOR 2025-21.doc,storage/decretos/DECRETO 54.pdf
40,storage/iniciativas/18-38-OFIC-TABLAS DE VALOR 2025-21.doc,storage/decretos/DECRETO 54.pdf
41,storage/iniciativas/18-38-OFIC-TABLAS DE VALOR 2025-21.doc,storage/decretos/DECRETO 54.pdf
1148,storage/iniciativas/9-ACU-LICEN-TEMP-ARMANDO NAVARRETE-PM-oficio.pdf,storage/decretos/ACUERDO 9.pdf
1149,storage/iniciativas/10-PA-COMPARECENCIAS.doc,storage/decretos/ACUERDO 10.pdf
1150,storage/iniciativas/1-PA-RESIDUOS-PVEM.pdf,
1151,storage/iniciativas/2-PA-ATLAS-COLIN-PRI.pdf,
1152,storage/iniciativas/3-PA-SALUD-ALEXIA-PAN.docx,
1153,storage/iniciativas/11-MINUTA-CPEUM-SALARIOS-SENADO.pdf,storage/decretos/ACUERDO 11.pdf
1154,storage/iniciativas/12-MINUTA-CPEUM-VIAS-SENADO.pdf,storage/decretos/ACUERDO 12-minuta.pdf
1155,storage/iniciativas/13-MINUTA-CPEUM-AREAS Y EMPRESAS.pdf,storage/decretos/ACUERDO 13-minuta.pdf
42,storage/iniciativas/3-INIC-PRESEAS Y JURADOS.doc,storage/decretos/DECRETO 3.pdf
43,storage/iniciativas/5-INIC-CEDIPIEM.doc,storage/decretos/Dec. 8.pdf
44,storage/iniciativas/6-INIC-FOMENTO.doc,storage/decretos/Dec. 5.pdf
45,storage/iniciativas/39-INIC-LyRPLEG-PM.pdf,storage/decretos/DECRETO 4.pdf
46,storage/iniciativas/40-INIC-BIODIVER-PLIEGO-PM.pdf,
47,storage/iniciativas/41-INIC-2025-COLETTE-PM.pdf,
48,storage/iniciativas/42-INIC-LOPLEG-EDMUNDO-PM.pdf,storage/decretos/DECRETO 102.pdf
852206ed-b297-46ce-a49f-19eaf91a4add,storage/iniciativas/43-INIC-BIODIVER-PVEM.pdf,storage/decretos/DECRETO 90.pdf
50,storage/iniciativas/44-INIC-COD-ADM-YURIXI-PT.pdf,
51,storage/iniciativas/45-INIC-NIÑAS-ANUAR-PAN.pdf,
52,storage/iniciativas/46-INIC-BIODIVERS-PMC.pdf,
1156,storage/iniciativas/4-PA-CANCER-COLIN-PRI.pdf,
1157,storage/iniciativas/5-PA-JILOTZINGO-CASTRO-PRI.pdf,
1158,storage/iniciativas/6-PA-PLASTICOS-PMC.pdf,
1159,storage/iniciativas/7-PA-CANCER-PRD.pdf,
53,storage/iniciativas/TABLAS-iniciativa.doc,storage/decretos/DECRETO 54.pdf
54,storage/iniciativas/TABLAS-iniciativa.doc,storage/decretos/DECRETO 54.pdf
55,storage/iniciativas/TABLAS-iniciativa.doc,storage/decretos/DECRETO 54.pdf
56,storage/iniciativas/TABLAS-iniciativa.doc,storage/decretos/DECRETO 54.pdf
57,storage/iniciativas/TABLAS-iniciativa.doc,storage/decretos/DECRETO 54.pdf
58,storage/iniciativas/TABLAS-iniciativa.doc,storage/decretos/DECRETO 54.pdf
59,storage/iniciativas/TABLAS-iniciativa.doc,storage/decretos/DECRETO 54.pdf
60,storage/iniciativas/TABLAS-iniciativa.doc,storage/decretos/DECRETO 54.pdf
61,storage/iniciativas/TABLAS-iniciativa.doc,storage/decretos/DECRETO 54.pdf
62,storage/iniciativas/TABLAS-iniciativa.doc,storage/decretos/DECRETO 54.pdf
63,storage/iniciativas/TABLAS-iniciativa.doc,storage/decretos/DECRETO 54.pdf
64,storage/iniciativas/TABLAS-iniciativa.doc,storage/decretos/DECRETO 54.pdf
65,storage/iniciativas/TABLAS-iniciativa.doc,storage/decretos/DECRETO 54.pdf
66,storage/iniciativas/TABLAS-iniciativa.doc,storage/decretos/DECRETO 54.pdf
67,storage/iniciativas/TABLAS-iniciativa.doc,storage/decretos/DECRETO 54.pdf
68,storage/iniciativas/TABLAS-iniciativa.doc,storage/decretos/DECRETO 54.pdf
69,storage/iniciativas/TABLAS-iniciativa.doc,storage/decretos/DECRETO 54.pdf
70,storage/iniciativas/TABLAS-iniciativa.doc,storage/decretos/DECRETO 54.pdf
71,storage/iniciativas/TABLAS-iniciativa.doc,storage/decretos/DECRETO 54.pdf
72,storage/iniciativas/TABLAS-iniciativa.doc,storage/decretos/DECRETO 54.pdf
73,storage/iniciativas/TABLAS-iniciativa.doc,storage/decretos/DECRETO 54.pdf
74,storage/iniciativas/TABLAS-iniciativa.doc,storage/decretos/DECRETO 54.pdf
75,storage/iniciativas/TABLAS-iniciativa.doc,storage/decretos/DECRETO 54.pdf
76,storage/iniciativas/TABLAS-iniciativa.doc,storage/decretos/DECRETO 54.pdf
77,storage/iniciativas/TABLAS-iniciativa.doc,storage/decretos/DECRETO 54.pdf
78,storage/iniciativas/TABLAS-iniciativa.doc,storage/decretos/DECRETO 54.pdf
79,storage/iniciativas/TABLAS-iniciativa.doc,storage/decretos/DECRETO 54.pdf
80,storage/iniciativas/TABLAS-iniciativa.doc,storage/decretos/DECRETO 54.pdf
81,storage/iniciativas/TABLAS-iniciativa.doc,storage/decretos/DECRETO 54.pdf
82,storage/iniciativas/TABLAS-iniciativa.doc,storage/decretos/DECRETO 54.pdf
83,storage/iniciativas/TABLAS-iniciativa.doc,storage/decretos/DECRETO 54.pdf
84,storage/iniciativas/TABLAS-iniciativa.doc,storage/decretos/DECRETO 54.pdf
85,storage/iniciativas/TABLAS-iniciativa.doc,storage/decretos/DECRETO 54.pdf
86,storage/iniciativas/TABLAS-iniciativa.doc,storage/decretos/DECRETO 54.pdf
87,storage/iniciativas/TABLAS-iniciativa.doc,storage/decretos/DECRETO 54.pdf
88,storage/iniciativas/TABLAS-iniciativa.doc,storage/decretos/DECRETO 54.pdf
89,storage/iniciativas/TABLAS-iniciativa.doc,storage/decretos/DECRETO 54.pdf
90,storage/iniciativas/TABLAS-iniciativa.doc,storage/decretos/DECRETO 54.pdf
91,storage/iniciativas/TABLAS-iniciativa.doc,storage/decretos/DECRETO 54.pdf
92,storage/iniciativas/TABLAS-iniciativa.doc,storage/decretos/DECRETO 54.pdf
93,storage/iniciativas/TABLAS-iniciativa.doc,storage/decretos/DECRETO 54.pdf
94,storage/iniciativas/TABLAS-iniciativa.doc,storage/decretos/DECRETO 54.pdf
95,storage/iniciativas/TABLAS-iniciativa.doc,storage/decretos/DECRETO 54.pdf
96,storage/iniciativas/TABLAS-iniciativa.doc,storage/decretos/DECRETO 54.pdf
97,storage/iniciativas/TABLAS-iniciativa.doc,storage/decretos/DECRETO 54.pdf
98,storage/iniciativas/TABLAS-iniciativa.doc,storage/decretos/DECRETO 54.pdf
99,storage/iniciativas/TABLAS-iniciativa.doc,storage/decretos/DECRETO 54.pdf
100,storage/iniciativas/TABLAS-iniciativa.doc,storage/decretos/DECRETO 54.pdf
101,storage/iniciativas/TABLAS-iniciativa.doc,storage/decretos/DECRETO 54.pdf
102,storage/iniciativas/TABLAS-iniciativa.doc,storage/decretos/DECRETO 54.pdf
103,storage/iniciativas/TABLAS-iniciativa.doc,storage/decretos/DECRETO 54.pdf
104,storage/iniciativas/TABLAS-iniciativa.doc,storage/decretos/DECRETO 54.pdf
105,storage/iniciativas/TABLAS-iniciativa.doc,storage/decretos/DECRETO 54.pdf
106,storage/iniciativas/TABLAS-iniciativa.doc,storage/decretos/DECRETO 54.pdf
107,storage/iniciativas/TABLAS-iniciativa.doc,storage/decretos/DECRETO 54.pdf
108,storage/iniciativas/TABLAS-iniciativa.doc,storage/decretos/DECRETO 54.pdf
109,storage/iniciativas/TABLAS-iniciativa.doc,storage/decretos/DECRETO 54.pdf
110,storage/iniciativas/TABLAS-iniciativa.doc,storage/decretos/DECRETO 54.pdf
111,storage/iniciativas/TABLAS-iniciativa.doc,storage/decretos/DECRETO 54.pdf
112,storage/iniciativas/TABLAS-iniciativa.doc,storage/decretos/DECRETO 54.pdf
113,storage/iniciativas/TABLAS-iniciativa.doc,storage/decretos/DECRETO 54.pdf
114,storage/iniciativas/TABLAS-iniciativa.doc,storage/decretos/DECRETO 54.pdf
115,storage/iniciativas/TABLAS-iniciativa.doc,storage/decretos/DECRETO 54.pdf
116,storage/iniciativas/TABLAS-iniciativa.doc,storage/decretos/DECRETO 54.pdf
117,storage/iniciativas/TABLAS-iniciativa.doc,storage/decretos/DECRETO 54.pdf
118,storage/iniciativas/TABLAS-iniciativa.doc,storage/decretos/DECRETO 54.pdf
119,storage/iniciativas/TABLAS-iniciativa.doc,storage/decretos/DECRETO 54.pdf
120,storage/iniciativas/TABLAS-iniciativa.doc,storage/decretos/DECRETO 54.pdf
121,storage/iniciativas/TABLAS-iniciativa.doc,storage/decretos/DECRETO 54.pdf
122,storage/iniciativas/TABLAS-iniciativa.doc,storage/decretos/DECRETO 54.pdf
123,storage/iniciativas/TABLAS-iniciativa.doc,storage/decretos/DECRETO 54.pdf
124,storage/iniciativas/TABLAS-iniciativa.doc,storage/decretos/DECRETO 54.pdf
125,storage/iniciativas/TABLAS-iniciativa.doc,storage/decretos/DECRETO 54.pdf
126,storage/iniciativas/TABLAS-iniciativa.doc,storage/decretos/DECRETO 54.pdf
127,storage/iniciativas/TABLAS-iniciativa.doc,storage/decretos/DECRETO 54.pdf
128,storage/iniciativas/TABLAS-iniciativa.doc,storage/decretos/DECRETO 54.pdf
129,storage/iniciativas/TABLAS-iniciativa.doc,storage/decretos/DECRETO 54.pdf
130,storage/iniciativas/TABLAS-iniciativa.doc,storage/decretos/DECRETO 54.pdf
131,storage/iniciativas/TABLAS-iniciativa.doc,storage/decretos/DECRETO 54.pdf
132,storage/iniciativas/TABLAS-iniciativa.doc,storage/decretos/DECRETO 54.pdf
133,storage/iniciativas/TABLAS-iniciativa.doc,storage/decretos/DECRETO 54.pdf
134,storage/iniciativas/TABLAS-iniciativa.doc,storage/decretos/DECRETO 54.pdf
135,storage/iniciativas/TABLAS-iniciativa.doc,storage/decretos/DECRETO 54.pdf
136,storage/iniciativas/TABLAS-iniciativa.doc,storage/decretos/DECRETO 54.pdf
137,storage/iniciativas/TABLAS-iniciativa.doc,storage/decretos/DECRETO 54.pdf
138,storage/iniciativas/TABLAS-iniciativa.doc,storage/decretos/DECRETO 54.pdf
139,storage/iniciativas/TABLAS-iniciativa.doc,storage/decretos/DECRETO 54.pdf
140,storage/iniciativas/TABLAS-iniciativa.doc,storage/decretos/DECRETO 54.pdf
141,storage/iniciativas/TABLAS-iniciativa.doc,storage/decretos/DECRETO 54.pdf
142,storage/iniciativas/TABLAS-iniciativa.doc,storage/decretos/DECRETO 54.pdf
143,storage/iniciativas/TABLAS-iniciativa.doc,storage/decretos/DECRETO 54.pdf
328,storage/iniciativas/138-INIC-LOPLEG-YESICA-PM.pdf,
329,storage/iniciativas/139-INIC-DEPORTE-FIGUERA-PVEM.pdf,
330,storage/iniciativas/140-INIC-COD-ADM-LINARES-PVEM.pdf,
331,storage/iniciativas/141-INIC-BIODIVERSIDAD-CORREA-PVEM.pdf,
332,storage/iniciativas/142-INIC-CONSTITUC-YARELI-PT.pdf,storage/decretos/63-DECLARAT-DEC-CONSTITUC-PJUDICIAL-.docx
333,storage/iniciativas/143-INIC-BIODIVER-MEJIA-PRI.pdf,storage/decretos/DECRETO 96.pdf
334,storage/iniciativas/144-INIC-COMPETITIV-JOANNA-PAN.docx,
335,storage/iniciativas/145-INIC-BIODIVERS-PRD.pdf,
336,storage/iniciativas/146-INIC-LOMPAL-PRD.pdf,
1160,storage/iniciativas/8-PA-PUEBLO MAGICO-URBINA-PRI.pdf,storage/decretos/ACUERDO 50.pdf
1161,storage/iniciativas/9-PA-NUTRICION-EMMA-PAN.docx,
1162,storage/iniciativas/10-PA-SALARIOS-PMC.pdf,
1163,storage/iniciativas/11-PA-ENTREGA-RECEPCION-PMC.pdf,
1164,,storage/decretos/ACUERDO 14.pdf
1165,storage/iniciativas/15-MINUTA-INIMPUGNABILIDAD.pdf,storage/decretos/ACUERDO 15-minuta.pdf
2,storage/iniciativas/47-137-OF-TABLAS DE VALOR 2025-22-OCT-24-91.doc,storage/decretos/DECRETO 54.pdf
1166,storage/iniciativas/16-MINUTA-BIENESTAR-SENADO.pdf,storage/decretos/ACUERDO 16-minuta.pdf
1167,storage/iniciativas/17-MINUTA-VIVIENDA-SENADO.pdf,storage/decretos/ACUERDO 17-minuta.pdf
337,storage/iniciativas/148-INIC-COMPETITIVIDAD-PEREZ-PM.pdf,
338,storage/iniciativas/149-INIC-COD-PENAL-LUISA-PM.pdf,storage/decretos/DECRETO 214.pdf
339,storage/iniciativas/150-INIC-BIODIVERSIDAD-MATA-PVEM.pdf,
340,storage/iniciativas/200-INIC-SEGURIDAD-RESCALA-PRI.pdf,storage/decretos/DECRETO 116.pdf
341,storage/iniciativas/152-INIC-NIÑAS-KARINA-PAN.pdf,storage/decretos/DECRETO 134.pdf
342,storage/iniciativas/153-INIC-RPLEG-PMC.pdf,
343,storage/iniciativas/154-INIC-SIST-MEXIQ-PMC.pdf,
1168,storage/iniciativas/12-PA-AGUA-ROSA-PM.pdf,
1169,storage/iniciativas/18-PA-ALERTA-YURIXI-PT.pdf,storage/decretos/ACUERDO 18.pdf
1170,storage/iniciativas/13-PA-TRABAJO-CASTRO-PRI.pdf,
1171,storage/iniciativas/14-PA-ELECTRIC-ROMAN-PAN.pdf,
1172,storage/iniciativas/15-PA-BACHES-PRD.pdf,
145,storage/iniciativas/139-INIC-LOTJA-MAURILIO-PM.pdf,
146,storage/iniciativas/140-INIC-LOAP-YESICA-PM.doc,
147,storage/iniciativas/141-INIC-COD-ADM-YESICA-PM.pdf,
148,storage/iniciativas/142-INIC-JUVENTUD-YESICA-PM.pdf,storage/decretos/DEC 112.pdf
149,storage/iniciativas/143-INIC-COD-FINANC-ROSA-PM.pdf,
151,storage/iniciativas/145-INIC-MERCADOS-DELAROSA-PM.pdf,
152,storage/iniciativas/146-INIC-LOMPAL-ROSA-PM.pdf,
153,storage/iniciativas/147-INIC-TRANSPAR-ROSA-PM.pdf,
154,storage/iniciativas/148-INIC-MUJERES-ROSA-PM.docx,
155,storage/iniciativas/149-INIC-COD-PENAL-PONCE-PM.pdf,
39583a48-1cdf-4a3f-9606-58bd5c102f76,storage/iniciativas/150-INIC-ROCK-ROSA-PM.pdf,storage/decretos/DECRETO 104.pdf
157,storage/iniciativas/151-INIC-RECUPERAC-PVEM.docx,
158,storage/iniciativas/152-INIC-COD-PENAL-PVEM.pdf,
159,storage/iniciativas/153-INIC-ACTOS-PVEM.pdf,
160,storage/iniciativas/154-INIC-COD-ADM-PVEM.pdf,
161,storage/iniciativas/155-INIC-LOPLEG-PVEM.pdf,
162,storage/iniciativas/156-INIC-COD-ADM-PVEM.docx,
163,storage/iniciativas/157-INIC-DEFENSORAS-PVEM.docx,
164,storage/iniciativas/158-INIC-BIODIVER-PVEM.docx,
165,storage/iniciativas/159-INIC-COD-ADM-PVEM.docx,
166,storage/iniciativas/160-INIC-MOVILIDAD-PVEM.docx,
167,storage/iniciativas/161-INIC-BIODIVERS-PVEM.docx,
168,storage/iniciativas/162-INIC-BIODIVERS-PVEM.docx,
170,storage/iniciativas/164-INIC-MOVILIDAD-PVEM.pdf,
171,storage/iniciativas/165-INIC-BIODIVERS-PVEM.pdf,
172,storage/iniciativas/166-INIC-BIODIV-PVEM.pdf,
173,storage/iniciativas/167-INIC-COD-BIODIV-CLAUDIA-PVEM.pdf,
174,storage/iniciativas/168-INIC-COD-ADM-PVEM.pdf,
175,storage/iniciativas/169-INIC-MEZCAL-KARLA-PRI.pdf,
176,storage/iniciativas/170-INIC-DIA-MEZCAL-KARLA-PRI.pdf,
177,storage/iniciativas/171-INIC-COD-ADM-QUIROZ-PRI.pdf,
178,storage/iniciativas/172-INIC-COD-PENAL-ISABEL-PRI.pdf,
179,storage/iniciativas/173-INIC-CONSTIT-KARLA-PRI.pdf,
180,storage/iniciativas/174-INIC-COD-PENAL-CARDENAS-PRI.pdf,
181,storage/iniciativas/175-INIC-SEGURIDAD-LAMAS-PAN.pdf,
182,storage/iniciativas/176-INIC-COORDINAC-DAVILA-PAN.pdf,
183,storage/iniciativas/177-INIC-LOPLEG-BRIAN-PAN.pdf,
184,storage/iniciativas/178-INIC-SEGURIDAD-INGRID-PAN.pdf,
185,storage/iniciativas/179-INIC-MUJERES-DAVILA-PAN.docx,
186,storage/iniciativas/180-INIC-DESAR-SOCIAL-CORTES-PAN.docx,
187,storage/iniciativas/181-INIC-CONSTITUC-ALONSO-PAN.docx,
188,storage/iniciativas/182-INIC-NIÑAS-INGRID-PAN.pdf,
189,storage/iniciativas/183-INIC-COD-PENAL-MOYA-PAN.pdf,
190,storage/iniciativas/184-INIC-JUSTICIA-ARRIAGA-PAN.pdf,
191,storage/iniciativas/185-INIC-COD-PEN-PMC.pdf,storage/decretos/DECRETO 89.pdf
192,storage/iniciativas/186-INIC-COD-ADM-PRD.pdf,
193,storage/iniciativas/187-INIC-SALUD-PRD.pdf,
194,storage/iniciativas/188-INIC-LOPLEG-PRD.pdf,
195,storage/iniciativas/189-INIC-COD-ADM-PRD.pdf,
196,storage/iniciativas/190-INIC-COD-PENAL-PRD.pdf,
197,storage/iniciativas/191-INIC-ACTOS-PRD.docx,
198,storage/iniciativas/192-INIC-DESAR-SOCIAL-PRD.pdf,
199,storage/iniciativas/193-INIC-COD-PROC-CIVILES-PRD.pdf,
200,storage/iniciativas/194-INIC-TECNOLOG-PRD.pdf,
201,storage/iniciativas/195-INIC-JUVENT-PRD.pdf,
202,storage/iniciativas/196-INIC-CONST-PRD.pdf,
203,storage/iniciativas/197-INIC-BIODIV-PRD.pdf,
204,storage/iniciativas/198-INIC-TRABAJO-PRD.pdf,
205,storage/iniciativas/199-INIC-MUJERES-PRD.docx,
206,storage/iniciativas/200-INIC-CONSTITUC-PRD.pdf,
207,storage/iniciativas/201-INIC-CONST-PRD.pdf,
208,storage/iniciativas/202-INIC-CONST-PRD.pdf,
209,storage/iniciativas/203-INIC-COD-PENAL-PRD.pdf,
210,storage/iniciativas/204-INIC-CONSTITUC-PRD.pdf,
211,storage/iniciativas/205-INIC-LOMPAL-PRD.pdf,
212,storage/iniciativas/206-INIC-CONSTITUC-PRD.pdf,
213,storage/iniciativas/207-INIC-FOMENTO-PRD.pdf,
214,storage/iniciativas/208-INIC-CONST-PRD.docx,
216,storage/iniciativas/210-INIC-LOMPAL-PRD.pdf,
217,storage/iniciativas/211-INIC-PIROTECNIA-PRD.pdf,
218,storage/iniciativas/212-INIC-COD-PEN-PRD.pdf,
219,storage/iniciativas/213-INIC-CONST-PRD.pdf,
1111,storage/iniciativas/3-INIC-INMUEBLE-CHALCO-EJEC.pdf,storage/decretos/DECRETO 262.pdf
221,storage/iniciativas/215-INIC-MOVILIDAD-PRD.pdf,
222,storage/iniciativas/216-INIC-COD-PEN-PRD.pdf,
223,storage/iniciativas/217-INIC-NIÑAS-PRD.pdf,
224,storage/iniciativas/218-INIC-COD-ADM-PRD.pdf,
225,storage/iniciativas/219-INIC-MATERNID-PRD.pdf,
226,storage/iniciativas/220-INIC-CONSTIT-PRD.pdf,
227,storage/iniciativas/221-INIC-COD-PENAL-PRD2.pdf,
228,storage/iniciativas/222-INIC-COD-PENAL-PRD.pdf,
229,storage/iniciativas/223-INIC-LOMPAL-PRD2.pdf,
230,storage/iniciativas/224-INIC-CONSTITUC-PRD2.pdf,
231,storage/iniciativas/225-INIC-CONST-PRD.pdf,
232,storage/iniciativas/226-INIC-MUJERES-PRD.pdf,
233,storage/iniciativas/227-INIC-COD-PEN-PRD2.pdf,
234,storage/iniciativas/228-INIC-ALIMENT-PRD.pdf,
235,storage/iniciativas/229-INIC-CONST-PRD.pdf,
236,storage/iniciativas/230-INIC-CONSTIT-PRD.pdf,
237,storage/iniciativas/231-INIC-CONSTITUC-PRD.pdf,
238,storage/iniciativas/232-INIC-COD-ADM-PRD.pdf,
239,storage/iniciativas/233-INIC-CONST-PRD.pdf,
240,storage/iniciativas/234-INIC-COD-PENAL-PRD.pdf,
241,storage/iniciativas/235-INIC-CONSTITUC-PRD.pdf,
242,storage/iniciativas/236-INIC-COD-PENAL-PRD.pdf,
243,storage/iniciativas/237-INIC-CONSTITUC-PRD.docx,
244,storage/iniciativas/238-INIC-JUVENTUD-PRD.docx,
245,storage/iniciativas/239-INIC-COD-PENAL-PRD.docx,
246,storage/iniciativas/240-INIC-COD-PENAL-PRD.docx,
247,storage/iniciativas/241-INIC-COD-PENAL-PRD.docx,
248,storage/iniciativas/242-INIC-ADULTO-PRD.docx,
249,storage/iniciativas/243-INIC-NIÑAS-PRD.docx,
250,storage/iniciativas/244-INIC-COD-ELECT-PRD.docx,
251,storage/iniciativas/245-INIC-ALIMENTOS-PRD.docx,
252,storage/iniciativas/246-INIC-VIOLENCIA-PRD.docx,
253,storage/iniciativas/247-INIC-COD-PENAL-PRD.docx,
254,storage/iniciativas/248-INIC-CODIGO PENAL-PRD0.docx,
255,storage/iniciativas/249-INIC-CONSTITUC-PRD.docx,
256,storage/iniciativas/250-INIC-LOMPAL-PRD.docx,
257,storage/iniciativas/251-INIC-CONSTITUC-PRD.docx,
258,storage/iniciativas/252-INIC-CONSTITUC-PRD.docx,
259,storage/iniciativas/253-INIC-FOMENTO-PRD.docx,
260,storage/iniciativas/254-INIC-COD-ADM-PRD.docx,
261,storage/iniciativas/255-INIC-COD-ADM-PRD.docx,
262,storage/iniciativas/256-INIC-TRABAJO-PRD.docx,
263,storage/iniciativas/257-INIC-ANIMALES-PRD.docx,
264,storage/iniciativas/258-INIC-COD-PENAL-PRD.docx,
265,storage/iniciativas/259-INIC-CONSTITUC-PRD.docx,
344,storage/iniciativas/212-214-OFIC-TARIFAS DE AGUA-12NOV2024.doc,storage/decretos/Tarifas agua.pdf
267,storage/iniciativas/261-INIC-LOPLEG-PRD.docx,
268,storage/iniciativas/262-INIC-MIGRANTES-PRD.docx,
269,storage/iniciativas/263-INIC-MUJERES-PRD.docx,
270,storage/iniciativas/264-INIC-RURAL-PRD.pdf,
271,storage/iniciativas/265-INIC-COD-ADM-PRD.docx,
272,storage/iniciativas/266-NIC-LOAP-PRD.docx,
273,storage/iniciativas/267-INIC-NIÑAS-PRD.docx,
274,storage/iniciativas/268-INIC-COD-PENAL-PRD.docx,
275,storage/iniciativas/269-INIC-ADULTO-PRD.docx,
276,storage/iniciativas/270-INIC-COD-PENAL-PRD.docx,
277,storage/iniciativas/271-INIC-COD-ADM-PRD.docx,
278,storage/iniciativas/272-INIC-JUVENTUD-PRD.docx,
279,storage/iniciativas/273-INIC-TRABAJO-PRD.docx,
280,storage/iniciativas/274-INIC-AJOLOTE-PRD.docx,
281,storage/iniciativas/275-INIC-LOMPAL-PRD.docx,
282,storage/iniciativas/276-INIC-JUVENTUD-PRD.pdf,
283,storage/iniciativas/277-INIC-POLITICAS-PRD.docx,
284,storage/iniciativas/278-INIC-CONSTITUC-PRD.pdf,
285,storage/iniciativas/279-INIC-ACTOS-PRD.pdf,
286,storage/iniciativas/280-INIC-LOAP-PRD.pdf,
287,storage/iniciativas/281-INIC-COD-PENAL-PRD.pdf,
288,storage/iniciativas/282-INIC-BIODIVERSID-PRD.pdf,
289,storage/iniciativas/283-INIC-LOMPAL-PRD.pdf,
290,storage/iniciativas/284-INIC-MUJERES-PRD.pdf,
291,storage/iniciativas/285-INIC-COD-ADM-PRD.pdf,
292,storage/iniciativas/286-INIC-COD-CIVIL-PRD.pdf,
293,storage/iniciativas/287-INIC-LOAP-PRD.pdf,
294,storage/iniciativas/288-INIC-MOVILIDAD-PRD.pdf,
295,storage/iniciativas/289-INIC-COD-CIV-PRD.pdf,
296,storage/iniciativas/290-INIC-CONSTITUC-PRD.pdf,
297,storage/iniciativas/291-INIC-DESARR-SOCIAL-PRD.pdf,
298,storage/iniciativas/292-INIC-CONSTITUC-PRD.pdf,
299,storage/iniciativas/293-INIC-COD-BIODIVERS-PRD.pdf,
300,storage/iniciativas/294-INIC-MUJERES-PRD.pdf,
301,storage/iniciativas/295-INIC-COD-PENAL-PRD.pdf,
302,storage/iniciativas/296-INIC-BIBLIOTEC-PRD.pdf,
303,storage/iniciativas/297-INIC-CONSTITUC-PRD.pdf,
304,storage/iniciativas/298-INIC-NIÑAS-PRD.pdf,
305,storage/iniciativas/299-INIC-CAMBIO-PRD.pdf,
306,storage/iniciativas/300-INIC-BIODIV-PRD.pdf,
307,storage/iniciativas/301-INIC-DESAR-SOCIAL-PRD.pdf,
308,storage/iniciativas/302-INIC-MIGRANTES-PRD.pdf,
309,storage/iniciativas/303-INIC-JUVENTUD-PRD.pdf,
310,storage/iniciativas/304-INIC-APILCULT-PRD.pdf,
311,storage/iniciativas/305-INIC-LOAP-PRD.pdf,
312,storage/iniciativas/306-INIC-LOMPAL-PRD.pdf,
313,storage/iniciativas/307-INIC-DESAR-SOC-PRD.pdf,
314,storage/iniciativas/308-INIC-MUJERES-PRD.pdf,
315,storage/iniciativas/309-INIC-COD-PENAL-PRD.pdf,
316,storage/iniciativas/310-INIC-COD-PEN-PAOLA.pdf,
317,storage/iniciativas/311-INIC-SALARIO-PAOLA.pdf,
318,storage/iniciativas/312-INIC-LyRPLEG-PAOLA.pdf,
319,storage/iniciativas/313-INIC-INMUEB-TENANGODELVALLE-EJEC.pdf,storage/decretos/Dec 113.pdf
320,storage/iniciativas/314-INIC-INMUEB-LAPAZ-EJEC.pdf,
321,storage/iniciativas/315-INIC-INMUEB-TIANGUISTENCO-EJEC.pdf,
322,storage/iniciativas/316-INIC-ATIZAPAN-EJEC.pdf,storage/decretos/DECRETO 58.pdf
323,storage/iniciativas/317-INIC-COD-BIODIV-EJEC.docx,
324,storage/iniciativas/318-OFIC-CUENTA PUBLICA-2023.pdf,storage/decretos/DECRETO 13.pdf
325,storage/iniciativas/319-INIC-AGUA-TONANITLA-EJEC.pdf,
326,storage/iniciativas/320-INIC-AGUA-TEJUPILCO-EJEC.pdf,
327,storage/iniciativas/321-INIC-CONSTIT-JCP.doc,
1173,storage/iniciativas/19-MINUTA-IGUALDAD-CAMARA DE DIPUTADOS.pdf,storage/decretos/ACUERDO 19-minuta.pdf
345,storage/iniciativas/212-214-OFIC-TARIFAS DE AGUA-12NOV2024.doc,storage/decretos/DECRETO 62.pdf
346,storage/iniciativas/212-214-OFIC-TARIFAS DE AGUA-12NOV2024.doc,storage/decretos/DECRETO 62.pdf
365,storage/iniciativas/215-INIC-CONST-ZURITA-PM.pdf,storage/decretos/DECRETO 182.pdf
366,storage/iniciativas/216-INIC-CONST-MARÍA JOSÉ-PM.pdf,
367,storage/iniciativas/1-INIC-CONST-ZAIRA-PM.docx,storage/decretos/1-INIC-CONST-CONGRESO.pdf
368,storage/iniciativas/217-INIC-LOMPAL-ESTRADA-PM.pdf,
369,storage/iniciativas/218-INIC-AGUA-PVEM.pdf,
370,storage/iniciativas/219-INIC-BIODIVER-HECTOR-PVEM.pdf,
371,storage/iniciativas/220-INIC-COD-PENAL-PVEM.pdf,storage/decretos/DECRETO 96.pdf
372,storage/iniciativas/221-INIC-INDIGENA-MEJIA-PRI.pdf,
373,storage/iniciativas/222- INIC-COD-PENAL-ALEXIA-PAN.docx,
374,storage/iniciativas/223-INIC-SEG-SOCIAL-ANUAR-PAN.docx,
375,storage/iniciativas/224-INIC-RURAL-PMC.pdf,
376,storage/iniciativas/225-INIC-MOVILIDAD-FAUNA-PMC.pdf,
377,storage/iniciativas/226-INIC-JUVENTUD-PRD.pdf,
378,storage/iniciativas/16-PA-BUEN FIN-CASTRO-PRI.pdf,
379,storage/iniciativas/20-PA-ACTUALIZAC-PROCEDIM-OIC.doc,storage/decretos/ACUERDO 20.pdf
380,,storage/decretos/ACUERDO 21.pdf
381,,storage/decretos/ACUERDO 22.pdf
382,,storage/decretos/ACUERDO 23.pdf
1179,,storage/decretos/ACUERDO 24.pdf
1180,,storage/decretos/ACUERDO 25.pdf
1181,,storage/decretos/ACUERDO 26.pdf
360,storage/iniciativas/6-INIC-PDTE-SUSTIT-TEMOAYA-EJEC.pdf,storage/decretos/DECRETO 6.pdf
220,storage/iniciativas/214-INIC-DEPORTE-PRD.pdf,
361,storage/iniciativas/227-INIC-ADEUDOS-NEZA-EJEC.pdf,storage/decretos/DECRETO 24.pdf
362,storage/iniciativas/228-INIC-COMODATO-TLALNE-EJEC.pdf,storage/decretos/DECRETO 21.pdf
363,storage/iniciativas/229-INIC-LIMIT-AXAPUSCO-NOPALTEPEC-EJEC.pdf,storage/decretos/DECRETO 26.pdf
364,storage/iniciativas/230-INIC-LOADM-EJEC.pdf,storage/decretos/DECRETO 25.pdf
365,storage/iniciativas/231-248-OFIC-TARIFAS DE AGUA.doc,storage/decretos/DECRETO 62.pdf
366,storage/iniciativas/231-248-OFIC-TARIFAS DE AGUA.doc,storage/decretos/DECRETO 62.pdf
367,storage/iniciativas/231-248-OFIC-TARIFAS DE AGUA.doc,storage/decretos/DECRETO 62.pdf
368,storage/iniciativas/231-248-OFIC-TARIFAS DE AGUA.doc,storage/decretos/DECRETO 62.pdf
369,storage/iniciativas/231-248-OFIC-TARIFAS DE AGUA.doc,storage/decretos/DECRETO 62.pdf
370,storage/iniciativas/231-248-OFIC-TARIFAS DE AGUA.doc,storage/decretos/DECRETO 62.pdf
371,storage/iniciativas/231-248-OFIC-TARIFAS DE AGUA.doc,storage/decretos/DECRETO 62.pdf
372,storage/iniciativas/231-248-OFIC-TARIFAS DE AGUA.doc,storage/decretos/DECRETO 62.pdf
373,storage/iniciativas/231-248-OFIC-TARIFAS DE AGUA.doc,storage/decretos/DECRETO 62.pdf
374,storage/iniciativas/231-248-OFIC-TARIFAS DE AGUA.doc,storage/decretos/DECRETO 62.pdf
375,storage/iniciativas/231-248-OFIC-TARIFAS DE AGUA.doc,storage/decretos/DECRETO 62.pdf
376,storage/iniciativas/231-248-OFIC-TARIFAS DE AGUA.doc,storage/decretos/DECRETO 62.pdf
377,storage/iniciativas/231-248-OFIC-TARIFAS DE AGUA.doc,storage/decretos/DECRETO 62.pdf
378,storage/iniciativas/231-248-OFIC-TARIFAS DE AGUA.doc,storage/decretos/DECRETO 62.pdf
379,storage/iniciativas/231-248-OFIC-TARIFAS DE AGUA.doc,storage/decretos/DECRETO 62.pdf
380,storage/iniciativas/231-248-OFIC-TARIFAS DE AGUA.doc,storage/decretos/DECRETO 62.pdf
381,storage/iniciativas/231-248-OFIC-TARIFAS DE AGUA.doc,storage/decretos/DECRETO 62.pdf
382,storage/iniciativas/231-248-OFIC-TARIFAS DE AGUA.doc,storage/decretos/DECRETO 62.pdf
383,storage/iniciativas/249-INIC-CONST-OCTAVIO-PM.pdf,storage/decretos/63-DECLARAT-DEC-CONSTITUC-PJUDICIAL-.docx
384,storage/iniciativas/250-INIC-COD-FINANC-ADAME-PVEM.pdf,
385,storage/iniciativas/251-INIC-DIA DEPORTE-ITZEL-PVEM.pdf,storage/decretos/DEC 178.pdf
386,storage/iniciativas/252-INIC-COD-FINANC-ZARZOSA-PRI.pdf,
387,storage/iniciativas/253-INIC-COD-FINANC-PRI.pdf,
388,storage/iniciativas/254-INIC-INFANTIL-JOANNA-PAN.docx,
389,storage/iniciativas/255-INIC-LOPLEG-PMC.pdf,
390,storage/iniciativas/256-INIC-MANTENIM-PMC.pdf,
391,storage/iniciativas/257-INIC-NIÑAS-PRD.pdf,
392,storage/iniciativas/258-INIC-LOMPAL-PRD.pdf,
1182,storage/iniciativas/27-PA-ENTREGA-CERON-PM.pdf,storage/decretos/ACUERDO 27.pdf
1183,storage/iniciativas/28-PA-ECATEPEC-OCTAVIO-PM.docx,storage/decretos/ACUERDO 28.pdf
1184,storage/iniciativas/17-PA-ABUSO-KRISHNA-PAN.docx,
1185,,storage/decretos/ACUERDO 29.pdf
1186,storage/iniciativas/30-OFIC-LICENC-RIGOBERTO-PM.pdf,storage/decretos/ACUERDO 30.pdf
1187,storage/iniciativas/31-PA-INTEGR-COMISIONE-JCP.doc,storage/decretos/ACUERDO 31.pdf
169,storage/iniciativas/37-INIC-ADULTO-PVEM.pdf,
400,storage/iniciativas/11.- INI-CÓD. PENAL-INTERRUPCION DEL EMBARAZO-DIPUTADAS.pdf,storage/decretos/DECRETO 11.pdf
393,storage/iniciativas/259-OFIC-INFORMES-CUENTAS.pdf,storage/decretos/DECRETO 13.pdf
394,storage/iniciativas/260-OFIC-INFORMES-CUENTAS.pdf,storage/decretos/DECRETO 14.pdf
1188,storage/iniciativas/32-MINUTA-CPEUM-SEGURIDAD-CAMARA DE DIPUTADOS.pdf,storage/decretos/ACUERDO 32-minuta.pdf
1189,storage/iniciativas/33-MINUTA-CPEUM-PROTECCION ANIMAL-SENADO.pdf,storage/decretos/ACUERDO 33-minuta.pdf
395,storage/iniciativas/258-INIC-CONSTI-PJUDIC-PM-PT-PVEM.docx,storage/decretos/63-DECLARAT-DEC-CONSTITUC-PJUDICIAL-.docx
396,storage/iniciativas/259-INIC-PARTO-JOANNA-PAN.pdf,
397,storage/iniciativas/260-INIC-COD-CIVIL-JOANNA-PAN.pdf,
398,storage/iniciativas/261-INIC-COD-CIVIL-PENAL-JOANNA-PAN.pdf,
399,storage/iniciativas/262-INIC-NIÑAS-ANUAR-PAN.pdf,
401,storage/iniciativas/12-INI-COPLADEM-JCP.doc,storage/decretos/DECRETO 10.pdf
402,storage/iniciativas/13-INIC-HACENDARIO-JCP.doc,storage/decretos/DECRETO 9.pdf
403,storage/iniciativas/14-INIC-JUVENTUD-JCP.doc,storage/decretos/DECRETO 12.pdf
404,storage/iniciativas/263-INIC-FORZADA-VLADIMIR-PM.pdf,storage/decretos/DECRETO 88.pdf
405,storage/iniciativas/264-INIC-IMSS-BIENESTAR-LUVIANOS-EJEC.pdf,storage/decretos/DECRETO 34.pdf
406,storage/iniciativas/265-INIC-IMSS-BIENESTAR-LAPAZ-EJEC.pdf,storage/decretos/DECRETO 35.pdf
407,storage/iniciativas/266-INIC-IMSS-BIENESTAR-NAUCALPAN-EJEC.pdf,storage/decretos/DECRETO 36.pdf
408,storage/iniciativas/267-INIC-IMSS-BIENESTAR-LAPAZ2-EJEC.pdf,storage/decretos/DECRETO 37.pdf
409,storage/iniciativas/268-INIC-IMSS-BIENESTAR-NAUCALPAN2-EJEC.pdf,storage/decretos/DECRETO 38.pdf
410,storage/iniciativas/269-INIC-IMSS-BIENESTAR-IXTAPALUCA-EJEC.pdf,storage/decretos/DECRETO 39.pdf
411,storage/iniciativas/270-INIC-IMSS-BIENESTAR-ECATEPEC-EJEC.pdf,storage/decretos/DECRETO 40.pdf
412,storage/iniciativas/271-INIC-IMSS-BIENESTAR-TECAMAC-EJEC.pdf,storage/decretos/DECRETO 41.pdf
413,storage/iniciativas/272-INIC-IMSS-BIENESTAR-CHICOLOAPAN-EJEC.pdf,storage/decretos/DECRETO 42.pdf
414,storage/iniciativas/273-INIC-IMSS-BIENESTAR-LAPAZ3-EJEC.pdf,storage/decretos/DECRETO 43.pdf
415,storage/iniciativas/274-INIC-IMSS-BIENESTAR-IXTLAHUACA-EJEC.pdf,storage/decretos/DECRETO 44.pdf
416,storage/iniciativas/275-INIC-IMSS-BIENESTAR-TECAMAC2-EJEC.pdf,storage/decretos/DECRETO 45.pdf
417,storage/iniciativas/276-INIC-IMSS-BIENESTAR-TOLUCA-EJEC.pdf,storage/decretos/DECRETO 46.pdf
418,storage/iniciativas/277-INIC-IMSS-BIENESTAR-TECAMAC3-EJEC.pdf,storage/decretos/DECRETO 47.pdf
419,storage/iniciativas/278-INIC-IMSS-BIENESTAR-ATIZAPANZ-EJEC.pdf,storage/decretos/DECRETO 48.pdf
420,storage/iniciativas/279-INIC-IMSS-BIENESTAR-XONACATLAN-EJEC.pdf,storage/decretos/DECRETO 49.pdf
421,storage/iniciativas/280-INIC-IMSS-BIENESTAR-NEZA-EJEC.pdf,storage/decretos/DECRETO 50.pdf
422,storage/iniciativas/281-INIC-IMSS-BIENESTAR-TOLUCA2-EJEC.pdf,storage/decretos/DECRETO 51.pdf
423,storage/iniciativas/282-INIC-IMSS-BIENESTAR-TOLUCA3-EJEC.pdf,storage/decretos/DECRETO 52.pdf
424,storage/iniciativas/283-INIC-IMSS-BIENESTAR-ATIZAPANZ2-EJEC.pdf,storage/decretos/DECRETO 53.pdf
425,storage/iniciativas/284-INIC-ISEM-JIQUIPILCO-EJEC.pdf,storage/decretos/DECRETO 23.pdf
426,storage/iniciativas/285-INIC-ABROGA-PLANEAC-VALLEDEBRAVO-EJEC.pdf,storage/decretos/DECRETO 55.pdf
427,storage/iniciativas/286-INIC-CENDI-PJUDICIAL-EJEC.pdf,storage/decretos/DECRETO 20.pdf
428,storage/iniciativas/261-INIC-LIMITES-SMPIRAMIDES-TEOTIHUACAN-EJEC2.pdf,storage/decretos/DECRETO 57.pdf
429,storage/iniciativas/288-INIC-CONSTITUC-EJEC.pdf,storage/decretos/DECRETO 99.pdf
430,storage/iniciativas/289-INIC-NIÑAS-EJEC.pdf,storage/decretos/DECRETO 56.pdf
431,storage/iniciativas/290-INIC-COD-NAC-CONGRESO-EJEC.pdf,storage/decretos/2-INIC-CODIGO NACIONAL-CONGRESO.pdf
432,storage/iniciativas/291-INIC-PJUDICIAL-TLANE-EJEC.pdf,storage/decretos/DECRETO 22.pdf
433,,storage/decretos/DECRETO 17.pdf
434,,storage/decretos/DECRETO 16.pdf
435,,storage/decretos/DECRETO 15.pdf
436,storage/iniciativas/265-INIC-LOPLEG-MJOSE-PM.pdf,
437,storage/iniciativas/266-INIC-COD-ELECT-RIOS-PM.pdf,storage/decretos/DECRETO 19.pdf
438,storage/iniciativas/267-INIC-COD-BIODIV-LINARES-PVEM.pdf,
439,storage/iniciativas/268-INIC-RESPONSABIL-PRI.pdf,
440,storage/iniciativas/269-INIC-PREVENC-PMC.pdf,
441,storage/iniciativas/270-INIC-EDUCAC-PRD.pdf,storage/decretos/DECRETO 135.pdf
1190,,storage/decretos/ACUERDO 34.pdf
1191,storage/iniciativas/35-MINUTA-CPEUM-PRISION-SENADO.pdf,storage/decretos/ACUERDO 35-minuta.pdf
1192,storage/iniciativas/36-MINUTA-CPEUM-SIMPLIFICACION ORGANICA-SENADO.pdf,storage/decretos/ACUERDO 36-minuta.pdf
442,,storage/decretos/DECRETO 18.pdf
443,,storage/decretos/DECRETO 27.pdf
444,storage/iniciativas/266-INIC-CAUTELARES-EJEC.pdf,storage/decretos/DECRETO 59.pdf
445,storage/iniciativas/267-INIC-COD-PENAL-LUISA-PM.pdf,
b89bd807-d249-49c3-a7c0-c496c3a39ae4,storage/iniciativas/268-INIC-COD-BIODIV-ESTRADA-PM.pdf,storage/decretos/DECRETO 131.pdf
447,storage/iniciativas/269-INIC-COD-FINANC-HECTOR-PVEM.pdf,
448,storage/iniciativas/270-INIC-AGUA-SILVA-PVEM.pdf,
449,storage/iniciativas/271-INIC-DERECH-HUMA-OSCAR-PT.pdf,
450,storage/iniciativas/272-INIC-COD-BIODIV-JPSUE-PT.pdf,storage/decretos/DECRETO 96.pdf
451,storage/iniciativas/273-COD-FINANC-PRI.pdf,
452,storage/iniciativas/274-INIC-LOMPAL-PMC.pdf,
453,storage/iniciativas/275-INIC-COD-BIODIV-PMC.pdf,storage/decretos/DECRETO 90.pdf
454,storage/iniciativas/276-INIC-COD-PENAL-PRD.pdf,
455,,storage/decretos/DECRETO 28.pdf
456,storage/iniciativas/01 LIEM 2025.pdf,storage/decretos/DECRETO 29.pdf
457,storage/iniciativas/02 LIM 2025.pdf,storage/decretos/DECRETO 30.pdf
458,storage/iniciativas/05 PEGEM 2025.pdf,storage/decretos/DECRETO 32.pdf
459,storage/iniciativas/03 CFEMYM 2025.pdf,storage/decretos/DECRETO 31.pdf
460,storage/iniciativas/04 Global FAIS 2025-2026.pdf,storage/decretos/DECRETO 33.pdf
461,storage/iniciativas/282-INIC-CAEM-SAMUEL-PM.pdf,
462,storage/iniciativas/283-INIC-COD-BIODIVER-PVEM.pdf,storage/decretos/DEC 176.pdf
463,storage/iniciativas/284-INIC-JUVENTUD-ALEXIA-PAN.pdf,
464,storage/iniciativas/285-INIC-COD-FINANC-KRISHNA-PAN.docx,
465,storage/iniciativas/286-INIC-PUEBLOS-PMC.pdf,
1193,storage/iniciativas/18-PA-DELITOS-YARELI-PT.pdf,
1194,storage/iniciativas/19-PA-VIH-ROSA-PM.pdf,
1195,storage/iniciativas/20-PA-ARBOLES-VANESSA-PVEM.pdf,
1196,storage/iniciativas/37-MINUTA-CPEUM-SALUD-SENADO.pdf,storage/decretos/ACUERDO 37-minuta.pdf
1197,,storage/decretos/ACUERDO 38.pdf
466,,storage/decretos/DECRETO 60.pdf
467,storage/iniciativas/61-INIC-AÑO 2025.pdf,storage/decretos/DECRETO 61.pdf
468,storage/iniciativas/252-INIC-COD-PENAL-PRD-PAN.doc,
469,storage/iniciativas/253-INIC-MPIO-ATZINGO.pdf,
470,storage/iniciativas/254-RENUNCIA-MGDA-ANA ROSA.pdf,storage/decretos/DECRETO 83.pdf
471,storage/iniciativas/255-RENUNCIA-MGDA-PATRICIA LUCIA.pdf,storage/decretos/DECRETO 84.pdf
472,storage/iniciativas/256-RENUNCIA-MGDO-EVERARDO SHAIN.pdf,storage/decretos/DECRETO 85.pdf
473,storage/iniciativas/257-RENUNCIA-MGDO-JOSE NOE.pdf,storage/decretos/DECRETO 86.pdf
474,storage/iniciativas/258-RENUNCIA-MGDO-JOSE SALIM.pdf,storage/decretos/DECRETO 87.pdf
475,storage/iniciativas/259-INIC-EDUCACIÓN-EJEC.pdf,storage/decretos/DECRETO 94.pdf
476,storage/iniciativas/260-INIC-CODIGO PENAL-EJEC.pdf,storage/decretos/DECRETO 89.pdf
477,storage/iniciativas/261-INIC-BIODIVERSIDAD-RESIDUOS-EJEC.pdf,storage/decretos/DECRETO 95.pdf
478,storage/iniciativas/262-INIC-SEGURIDAD-EJEC.pdf,
479,storage/iniciativas/263-INIC-NEZAHUALCÓYOTL-EJEC.pdf,storage/decretos/DECRETO 93.pdf
480,storage/iniciativas/264-INIC-BIODIVERSIDAD-CICLO-EJEC.pdf,storage/decretos/DECRETO 96.pdf
481,storage/iniciativas/265-INIC-BIODIBERSIDAD-PLÁSTICOS-EJEC.pdf,storage/decretos/DECRETO 90.pdf
482,storage/iniciativas/266-INIC-COD-ADMINISTRATIVO-EJEC.pdf,storage/decretos/DECRETO 91.pdf
1198,storage/iniciativas/39-LICEN-JUAN ZEPEDA.pdf,storage/decretos/ACUERDO 39.pdf
1199,,storage/decretos/ACUERDO 40.pdf
1200,storage/iniciativas/21-PA-CRISIS-HIDRICA-GUTIERREZ-PM.docx,
1201,storage/iniciativas/41-PA-INTEGR-COMISIONE-JCP.doc,storage/decretos/ACUERDO 41.pdf
483,storage/iniciativas/64-INIC-1A-1EXTRAORD.doc,storage/decretos/DECRETO 64.pdf
484,storage/iniciativas/65-INIC-CODIGO ELECTORAL--.docx,storage/decretos/65-DECRETO-CODIGO ELECTORAL.docx
1202,,storage/decretos/ACUERDO 42.pdf
266,storage/iniciativas/132-INIC-LOMPAL-PRD.docx,
1203,storage/iniciativas/43-PA-PODER JUDICIAL-2025.doc,storage/decretos/43-ACU-PODER JUDICIAL-2025.doc
485,storage/iniciativas/2a-RENUNCIA-MGDO-ENRIQUE VICTOR MANUEL VEGA GOMEZ-2.pdf,storage/decretos/DECRETO 70.pdf
486,storage/iniciativas/2b-RENUNCIA-MGDA-MA CRISTINA MIRANDA CRUZ.pdf,storage/decretos/DECRETO 69.pdf
487,storage/iniciativas/2c-RENUNCIA-MGDO-PATRICIO TIBERIO SANCHEZ VERTIZ.pdf,storage/decretos/DECRETO 68.pdf
488,storage/iniciativas/2d-RENUNCIA-MGDO-JUAN ARTURO VELAZQUEZ MENDEZ.pdf,storage/decretos/DECRETO 72.pdf
489,storage/iniciativas/2e-RENUNCIA-MGDO-ALEJANDRO VELAZQUEZ CONTRERAS.pdf,storage/decretos/DECRETO 73.pdf
490,storage/iniciativas/2f-RENUNCIA-MGDO-FELIPE MATA HERNANDEZ.pdf,storage/decretos/DECRETO 71.pdf
491,storage/iniciativas/2g-RENUNCIA-MGDO-TOMAS SANTANA MALVAEZ.pdf,storage/decretos/DECRETO 75.pdf
492,storage/iniciativas/2h-RENUNCIA-MGDO-EDUARDO ALEJANDRO JARAMILLO SALGADO.pdf,storage/decretos/DECRETO 76.pdf
493,storage/iniciativas/2i-RENUNCIA-MGDA-ELIZABETH RODRIGUEZ CAÑEDO.pdf,storage/decretos/DECRETO 74.pdf
494,storage/iniciativas/2j-RENUNCIA-MGDO-RAYMUNDO GARCIA HERNANDEZ.pdf,storage/decretos/DECRETO 81.pdf
495,storage/iniciativas/2k-RENUNCIA-MGDO-RAUL AARON ROMERO ORTEGA.pdf,storage/decretos/DECRETO 80.pdf
496,storage/iniciativas/2l-RENUNCIA-MGDA- LUCIA NUÑEZ AGUILAR.pdf,storage/decretos/DECRETO 79.pdf
497,storage/iniciativas/2m-RENUNCIA-MGDO-SERGIO ARTURO VALLS ESPONDA.pdf,storage/decretos/DECRETO 78.pdf
498,storage/iniciativas/2n-RENUNCIA-MGDO-SERGIO CASTILLO MIRANDA.pdf,storage/decretos/DECRETO 77.pdf
499,storage/iniciativas/2o-RENUNCIA-MGDO-RICARDO ALFREDO SODI CUELLAR.pdf,storage/decretos/DECRETO 82.pdf
1204,,storage/decretos/ACUERDO 44.pdf
501,storage/iniciativas/67-INIC-COMITÉ DE EVALUACIÓN.doc,storage/decretos/DECRETO 67.pdf
502,storage/iniciativas/260-INIC-CONSTITUC-ESTRADA-PM.pdf,
503,storage/iniciativas/261-INIC-LOMPAL-COLLETE-PM.pdf,
504,storage/iniciativas/262-INIC-DIGITAL-RIOS-PM.pdf,
505,storage/iniciativas/263-INIC-COD-FINANC-PVEM.pdf,
506,storage/iniciativas/264-INIC-COD-BIOD-PVEM.pdf,storage/decretos/DECRETO 95.pdf
507,storage/iniciativas/265-INIC-MIGRANT-PVEM.pdf,
508,storage/iniciativas/266-INIC-LOMPAL-YURIXI-PT.pdf,
509,storage/iniciativas/267-INIC-TURISMO-URBINA-PRI.pdf,
510,storage/iniciativas/268-INIC-CONSTITUC-KRISHNA-PAN.pdf,
511,storage/iniciativas/269-INIC-CONSTITUC-PMC.pdf,
1205,storage/iniciativas/45-PA-PARIDAD-PMC.pdf,
1206,storage/iniciativas/46-PA-ESTRATEG-JOANNA-PAN.pdf,storage/decretos/ACUERDO 46.pdf
1207,storage/iniciativas/22-PA-DEPORTE-NELLY-PM.pdf,
1208,storage/iniciativas/47-PA-MIGRANTES-ZURITA-PM.pdf,storage/decretos/ACUERDO 47.pdf
1209,storage/iniciativas/23-PA-VALLEDECHALCO-YESICA-PM.pdf,
1210,storage/iniciativas/24-PA-GOBERNANZA-SELINA-PM.pdf,
1211,storage/iniciativas/25-PA-SALUD-PRD.pdf,
1212,storage/iniciativas/48-PA-PARIDAD-PAOLA.pdf,storage/decretos/ACUERDO 48.pdf
513,storage/iniciativas/267-INIC-ANTICOR-PLIEGO-PM-.docx,
514,storage/iniciativas/268-INIC-LOMPAL-YESICA-PM.pdf,
515,storage/iniciativas/269-INIC-UNIVER-OCTAVIO-PM.pdf,
516,storage/iniciativas/270-INIC-COD-PEN-ZURITA-PM.pdf,storage/decretos/DEC 177.pdf
517,storage/iniciativas/271-INIC-INFANC-RIGOBERTO-PM.pdf,
518,storage/iniciativas/272-INIC-MIGRANT-VALDEÑA-PM.pdf,storage/decretos/DECRETO 204.pdf
519,storage/iniciativas/273-INIC-ENTREGA-CORREA-PVEM.pdf,
520,storage/iniciativas/274-INIC-CONSTI-ALEXIA-PAN.pdf,storage/decretos/DECRETO 114.pdf
521,storage/iniciativas/275-INIC-CONSTITUC-PMC.pdf,
522,storage/iniciativas/276-INIC-COD-PEN-PRD.pdf,
1213,storage/iniciativas/26-PA-DER-HUMA-NELLY-PM.pdf,
1214,storage/iniciativas/27-PA-SALUD-HONORIA-PVEM.pdf,
1215,storage/iniciativas/49-PA-INDIGENA-MEJIA-PRI.pdf,storage/decretos/ACUERDO 49.pdf
1216,storage/iniciativas/28-PA-EDUCAC-CONSUELO-PT.pdf,
1217,storage/iniciativas/29-PA-FISCAL-PMC.pdf,
523,storage/iniciativas/269-INIC-COD-FINANC-OCTAVIO-PM.pdf,
524,storage/iniciativas/270-INIC-SOCIAL-AZUCENA-PM.pdf,
525,storage/iniciativas/271-INIC-GACETA-PLIEGO-PM.pdf,storage/decretos/DECRETO 115.pdf
526,storage/iniciativas/272-INIC-EDUCAC-RIGOBERTO-PM.pdf,
527,storage/iniciativas/273-INIC-COD-CIVIL-LUISA-PM.pdf,
528,storage/iniciativas/274-INIC-CONSTITUC-VALDEÑA-PM.docx,storage/decretos/DECRETO 182.pdf
529,storage/iniciativas/275-INIC-COD-CIVIL-ROSA-PM.PDF,
530,storage/iniciativas/276-INIC-CONSTITUC-PVEM.pdf,storage/decretos/DEC 243.pdf
531,storage/iniciativas/277-INIC-COD-BIODIV-PVEM.pdf,storage/decretos/DECRETO 195.pdf
532,storage/iniciativas/278-INIC-DESAPAR-YURIXI-PT.pdf,
8c350198-7d29-4550-a336-71ee2d5bcc41,storage/iniciativas/279-INIC-CONSTITUC-CAMACHO-PRI.pdf,storage/decretos/DECRETO 182.pdf
d03f9e3a-ba61-4009-809b-442a55c47858,storage/iniciativas/280-INIC-BIODIV-ANUAR-PAN.DOC,
535,storage/iniciativas/281-INIC-MUJERES-PRD.pdf,
1218,storage/iniciativas/28-PA-ECONOMIA-ROMAN-PAN.pdf,
1219,storage/iniciativas/30-PA-TENANGO-PMC.pdf,
1220,storage/iniciativas/31-PA-SALUD-PRD.pdf,
536,storage/iniciativas/282-INIC-DEPORTE-TLALNE-GRACIELA-PM.pdf,storage/decretos/DEC 118.pdf
537,storage/iniciativas/283-INIC-LOMPAL-ARLETH-PM.pdf,
e6c39905-afd0-4024-86d1-94123ad1fa4e,storage/iniciativas/284-INIC-MUJERES-ESTRADA-PM.pdf,
539,storage/iniciativas/285-INIC-CONSTITUC-ITZEL-PVEM.pdf,storage/decretos/DEC 121.pdf
540,storage/iniciativas/286-INIC-MUJERES-YURIXI-PT.pdf,
541,storage/iniciativas/287-INIC-TRATO-JOANNA-PAN.pdf,storage/decretos/DECRETO 224.pdf
542,storage/iniciativas/288-INIC-CONCES-PMC.pdf,
1221,,storage/decretos/ACUERDO 51.pdf
1222,,storage/decretos/ACUERDO 52.pdf
1223,storage/iniciativas/32-PA-CRISIS-VALENTIN-PM.pdf,
1224,storage/iniciativas/33-PA-SALUD-CASTRO-PRI.pdf,
543,storage/iniciativas/92-INIC-DESIGNACIÓNCONSEJODELAJUDICATURA.doc,storage/decretos/DECRETO 92.pdf
1225,storage/iniciativas/53-MINUTA-CPEUM-NEPOTISMO-CDDIPUTADOS.pdf,storage/decretos/ACUERDO 53.pdf
544,storage/iniciativas/289-INIC-COD-CIVIL-EJEC.pdf,storage/decretos/DEC 100.pdf
37595e69-2ac6-4fc6-9197-32c9a790b92c,storage/iniciativas/290-INIC-COD-PENAL-EJEC.pdf,storage/decretos/DEC 101.pdf
546,storage/iniciativas/6-INIC-RENUNCIA-MGDO-TJA-EJEC.pdf,storage/decretos/DECRETO 98.pdf
547,storage/iniciativas/291-INIC-MUJERES-AZUCENA-PM.pdf,
548,storage/iniciativas/292-INIC-COD-PENAL-KARIM-PM.pdf,storage/decretos/DECRETO 197.pdf
549,storage/iniciativas/293-INIC-EDUCAC-COLETTE-PM.pdf,
550,storage/iniciativas/294-INIC-TRABAJO-ROSA-PM.PDF,
551,storage/iniciativas/295-INIC-COD-CIVIL-LINARES-PVEM.pdf,
552,storage/iniciativas/296-INIC-DESAPARIC-YURIXI-PT.pdf,
553,storage/iniciativas/297-INIC-CONSTITUC-ALEXIA-PAN.pdf,
554,storage/iniciativas/298-INIC-PATRIMONIAL-PMC.pdf,
555,storage/iniciativas/299-INIC-PREVENC-PRD.PDF,
1226,storage/iniciativas/54-PA-BIENES-CERON-PM.pdf,storage/decretos/ACUERDO 54.pdf
1227,storage/iniciativas/34-PA-SEGURIDAD-CAMACHO-PRI.pdf,
1228,storage/iniciativas/35-PA-AGENDA-EMMA-PAN.pdf,
556,storage/iniciativas/97-INIC-DESG-INESLE-JCP.doc,storage/decretos/DECRETO 97.pdf
1229,storage/iniciativas/55-MINUTA-CPEUM-JOVENES-SENADO.pdf,storage/decretos/ACUERDO 55.pdf
1230,storage/iniciativas/56-MINUTA-CPEUM-MAICES-SENADO.pdf,storage/decretos/ACUERDO 56.pdf
1231,storage/iniciativas/57-MINUTA-CPEUM-FORTALECIMIENTO-CDDIPUTADOS.pdf,storage/decretos/ACUERDO 57.pdf
557,storage/iniciativas/300-INIC-CÓD- CIVIL-EJEC.pdf,
558,storage/iniciativas/301-INIC-DESAR-SOCIAL-EJEC.pdf,storage/decretos/DECRETO 105.pdf
559,storage/iniciativas/302-INIC-CONSTITUC-ZURITA-PM.pdf,
560,storage/iniciativas/303-INIC-SARAPE-AZUCENA-PM.docx,storage/decretos/DECRETO 127.pdf
561,storage/iniciativas/304-INIC-MUJERES-YESICA-PM.doc,storage/decretos/DECRETO 250.pdf
562,storage/iniciativas/305-INIC-ADOPC-PLIEGO-PM.pdf,
563,storage/iniciativas/306-INIC-CONSTITUC-PEREZ-PM.pdf,
564,storage/iniciativas/307-INIC-COD-PENAL-SILVA-PVEM.pdf,
565,storage/iniciativas/308-INIC-CONSTITUC-ADAME-PVEM.pdf,storage/decretos/DECRETO 264.pdf
566,storage/iniciativas/309-INIC-COD-PENAL-LINARES-PVEM.pdf,storage/decretos/DEC 101.pdf
567,storage/iniciativas/310-INIC-MAIZ-SOFIA-PT.pdf,
568,storage/iniciativas/311-INIC-CONSTITUC-MEJIA-PRI.pdf,
569,storage/iniciativas/312-INIC-FOMENTO-COLIN-PRI.pdf,
570,storage/iniciativas/313-INIC-COD-PENAL-KRISHNA-PAN.docx,
571,storage/iniciativas/314-INIC-AGUA-ANUAR-PAN.docx,
572,storage/iniciativas/315-INIC-TRABAJO-PMC.pdf,storage/decretos/DECRETO 133.pdf
573,storage/iniciativas/316-INIC-VIVIENDA-PRD.pdf,
1232,storage/iniciativas/58-PA-CAMBILDOS-SAMUELH-PM.pdf,storage/decretos/ACUERDO 58.pdf
1233,storage/iniciativas/36-PA-SENADO-PMC.pdf,
1234,,storage/decretos/ACUERDO 59.pdf
574,storage/iniciativas/317-INIC-EDUCAC-AZUCENA-PM.pdf,
575,storage/iniciativas/318-INIC-LOPL-JENNIFER-PM.pdf,storage/decretos/DECRETO 124.pdf
576,storage/iniciativas/319-INIC-DEFENS-SUSANA-PM.pdf,
577,storage/iniciativas/320-INIC-COD-PENAL-ZAIRA-PM.pdf,
578,storage/iniciativas/321-INIC-COD-CIVIL-ITZEL-PVEM.pdf,
579,storage/iniciativas/322-INIC-COD-ADM-PELAEZ-PVEM.pdf,
580,storage/iniciativas/323-INIC-COD-PENAL-URBINA-PRI.pdf,storage/decretos/DECRETO 132.pdf
581,storage/iniciativas/324-INIC-MUEJRES-JOANNA-PAN.docx,
582,storage/iniciativas/325-INIC-LECTURA-PMC.pdf,storage/decretos/DECRETO 252.pdf
583,storage/iniciativas/326-INIC-PIROTEC-PMC.pdf,
584,storage/iniciativas/327-INIC-COD-PENAL-PRD.pdf,
1235,storage/iniciativas/60-PA-ANTICORRUPCION-VALDEÑA-PM.pdf,storage/decretos/ACUERDO 60.pdf
1236,storage/iniciativas/37-PA-TRABAJO-SAMUELH-PM.pdf,
1237,storage/iniciativas/38-PA-SILLAS-ROMAN-PAN.pdf,
1238,storage/iniciativas/61-MINUTA-CPEUM-SIMPLIFIC-CDDIP.pdf,storage/decretos/ACUERDO 61-minuta.pdf
1239,storage/iniciativas/62-PA-IMAGEN INSTITUCIONAL.doc,storage/decretos/ACUERDO 62.pdf
585,storage/iniciativas/325-INIC-AMNISTIA-EJEC.pdf,
586,storage/iniciativas/326-INIC-COD-PENAL-EJEC.pdf,
587,storage/iniciativas/327-INIC-BIODIV-EJEC.pdf,
588,storage/iniciativas/328-INIC-COD-PENAL-ANIMAL-EJEC.pdf,
589,storage/iniciativas/329-INIC-CONSTITUC-EJEC.pdf,storage/decretos/DEC 121.pdf
590,storage/iniciativas/330-INIC-BIODIV-AREAS-EJEC.pdf,storage/decretos/DECRETO 103.pdf
1240,,storage/decretos/ACUERDO 63.pdf
591,storage/iniciativas/331-INIC-LOMPAL-LUISA-PM.pdf,
592,storage/iniciativas/332-INIC-AGUA-SILVA-PVEM.pdf,
593,storage/iniciativas/333-INIC-LOMPAL-HECTOR-PVEM.pdf,
594,storage/iniciativas/334-INIC-PLACAS-SARA-PT.pdf,
595,storage/iniciativas/335-INIC-CONGRESO-YURIXI-PT.pdf,storage/decretos/3-INIC-CONGRESO-YURIXI-PT.pdf
596,storage/iniciativas/336-INIC-DESARR-SOCIAL-CAMACHO-PRI.pdf,
597,storage/iniciativas/337-INIC-CONSTITUC-EMMA-PAN.pdf,
598,storage/iniciativas/338-INIC-NIÑAS-ANUAR-PAN-.docx,
599,storage/iniciativas/339-INIC-SEGURIDAD-PMC.pdf,
600,storage/iniciativas/340-INIC-CONSTITUC-PMC.pdf,storage/decretos/DECRETO 182.pdf
1241,storage/iniciativas/39-PA-FISCALIA-VALENTIN-PM.pdf,
1242,storage/iniciativas/64-PA-TRABAJO-COLIN-PRI.pdf,storage/decretos/ACUERDO 64.pdf
1243,storage/iniciativas/65-PA-COMISIONES-JCP.doc,storage/decretos/ACUERDO 65.pdf
601,storage/iniciativas/336-INIC-LyRPLEG-MAURILIO-PM.pdf,
602,storage/iniciativas/337-INIC-JUGUETE-AZUCENA-PM.PDF,
603,storage/iniciativas/338-INIC-CONSTITUC-PEREZ-PM.pdf,storage/decretos/DECRETO 182.pdf
604,storage/iniciativas/339-INIC-LOMPAL-LULE-PM.pdf,
605,storage/iniciativas/340-INIC-BIENES-ARLETH-PM.pdf,storage/decretos/DECRETO 257.pdf
606,storage/iniciativas/341-INIC-EDUCAC-RIGOBERTO-PM.pdf,
607,storage/iniciativas/342-INIC-FISCALIA-ELENA-PM.pdf,
608,storage/iniciativas/343-INIC-COD-PENAL-OCTAVIO-PM.pdf,storage/decretos/DECRETO 199.pdf
609,storage/iniciativas/344-INIC-COD-PENAL-SILVA-PVEM.pdf,
610,storage/iniciativas/345-INIC-AGUA-KALID-PT.pdf,
611,storage/iniciativas/346-INIC-COD-PENAL-SOFIA-PT.pdf,
612,storage/iniciativas/347-INIC-SEGURIDAD-URBINA-PRI.pdf,
613,storage/iniciativas/348-INIC-INDIGENA-MEJIA-PRI.pdf,
614,storage/iniciativas/349-INIC-FISCALIA-KRISHNA-PAN.pdf,
615,storage/iniciativas/350-INIC-COD-PENAL-ALEXIA-PAN.pdf,
617,storage/iniciativas/352-INIC-BIODIV-PMC.pdf,
618,storage/iniciativas/353-INIC-COD-ADM-PRD.PDF,storage/decretos/DECRETO 254.pdf
1244,storage/iniciativas/66-PA-URBANO-SELINA-PM.pdf,storage/decretos/ACUERDO 66.pdf
1245,storage/iniciativas/40-PA-PIPAS-ITZEL-PVEM.pdf,
619,storage/iniciativas/354-INIC-LOPLEG-YURIXI-PT.pdf,
620,storage/iniciativas/353-INIC-GACETA-EJEC.pdf,storage/decretos/DECRETO 115.pdf
621,storage/iniciativas/354-INIC-LOMPAL-GRACIELA-PM.pdf,
622,storage/iniciativas/355-INIC-DEPORTE-ROSA-PM.pdf,storage/decretos/DECRETO 215.pdf
623,storage/iniciativas/356-INIC-CONSTITUC-OCTAVIO-PM.pdf,
624,storage/iniciativas/357-INIC-LyRPLEG-ESPINDOLA-PM.pdf,
625,storage/iniciativas/358-INIC-COD-ADM-PLIEGO-PM.docx,
626,storage/iniciativas/359-INIC-ACOSO-ITZEL-PVEM.pdf,
627,storage/iniciativas/360-INIC-RPLEG-ZARZOSA-PRI.pdf,
628,storage/iniciativas/361-INIC-LOPLEG-EMMA-PAN.pdf,
629,storage/iniciativas/362-INIC-FOMENTO-CORTES-PAN.docx,
630,storage/iniciativas/363-INIC-RESPONSAB-PMC.pdf,
631,storage/iniciativas/364-INIC-COD-FINANC-PMC.pdf,
632,storage/iniciativas/365-INIC-PASEO-PRD.pdf,storage/decretos/DECRETO 202.pdf
1303,,storage/decretos/ACUERDO 102.pdf
633,storage/iniciativas/366-INIC-MIGRANTES-YARELI-PT.PDF,
1246,storage/iniciativas/41-PA-JUVENTUD-ADAME-PVEM.pdf,
1247,storage/iniciativas/42-PA-AGUA-HONORIA-PVEM.pdf,
1248,storage/iniciativas/67-PA-BUSQUEDA-CASTRO-PRI.pdf,storage/decretos/ACUERDO 67.pdf
1249,storage/iniciativas/68-PA-MOVILIDAD-SOFIA-PT.pdf,storage/decretos/ACUERDO 68.pdf
1250,storage/iniciativas/69-PA-INTEGR-COMISIONES-JCP-.doc,storage/decretos/ACUERDO 69.pdf
634,storage/iniciativas/3-INIC-SIU-MGDA-EJEC.pdf,storage/decretos/DECRETO 106.pdf
1251,,storage/decretos/ACUERDO 70.pdf
635,storage/iniciativas/367-INIC-TAPETE-AZUCENA-PM.pdf,
636,storage/iniciativas/368-INIC-COD-PENAL-OCTAVIO-PM.pdf,storage/decretos/DECRETO 128.pdf
637,storage/iniciativas/369-INIC-DESAR-SOC-LUISA-PM.pdf,
638,storage/iniciativas/370-INIC-ENTREGA-ESPINDOLA-PM.pdf,
639,storage/iniciativas/371-INIC-BIODIV-HECTOR-PVEM.pdf,
640,storage/iniciativas/372-INIC-LOAP-MEJIA-PRI.PDF,
641,storage/iniciativas/373-INIC-CUIDADO-JOANNA-PAN.pdf,
642,storage/iniciativas/374-INIC-NIÑAS-KARINA-PAN.pdf,
643,storage/iniciativas/375-INIC-COD-PENAL-PMC.pdf,storage/decretos/DECRETO 128.pdf
644,storage/iniciativas/376-INIC-ARBOLADO-PMC.PDF,
645,storage/iniciativas/377-INIC-AGUA-PRD.pdf,
646,storage/iniciativas/378-INIC-COD-PENAL-KALID-PT.pdf,
1252,storage/iniciativas/43-PA-TRABAJO-ITZEL-PVEM.pdf,
1253,storage/iniciativas/44-PA-CENTINELA-HONORIA-PVEM.pdf,
1254,storage/iniciativas/45-PA-DESPOJO-URBINA-PRI.pdf,
647,,storage/decretos/DECRETO 107.pdf
648,storage/iniciativas/373-OFICIO-CTA-PUBLICA-2024.pdf,storage/decretos/DECRETO 222.pdf
649,storage/iniciativas/374-INIC-CONSTITUC-EJEC.pdf,
650,storage/iniciativas/375-INIC-DEPORTE-VALENTIN-PM.pdf,
651,storage/iniciativas/376-INIC-CONSTITUC-PLIEGO-PM.pdf,storage/decretos/DECRETO 198.pdf
652,storage/iniciativas/377-INIC-EDUCAC-COLETTE-PM.pdf,
653,storage/iniciativas/378-INIC-COD-CIVIL-SELINA-PM.pdf,
654,storage/iniciativas/379-INIC-COD-CIVIL-ELENA-PM.pdf,
655,storage/iniciativas/380-INIC-COD-CIVIL-EDGAR-PM.pdf,
656,storage/iniciativas/381-INIC-CONSTITUC-GRACIELA-PM.pdf,
657,storage/iniciativas/382-INIC-SEGURIDAD-NELLY-PM.pdf,storage/decretos/DECRETO 220.pdf
658,storage/iniciativas/383-INIC-COD-PENAL-GUTIERREZ-PM.pdf,storage/decretos/DECRETO 128.pdf
659,storage/iniciativas/384-INIC-BIODIV-CARLOS-PVEM.pdf,storage/decretos/DECRETO 183.pdf
660,storage/iniciativas/385-INIC-BIODIV-HECTOR-PVEM.pdf,storage/decretos/DECRETO 131.pdf
661,storage/iniciativas/386-INIC-BIENEST-FIGUEROA-PVEM.pdf,
662,storage/iniciativas/387-INIC-COD-PENAL-YURIXI-PT.pdf,
663,storage/iniciativas/388-INIC-JUVENTUD-YARELI-PT.pdf,storage/decretos/DEC 235.pdf
664,storage/iniciativas/389-INIC-LOMPAL-ZARZOSA-PRI.pdf,
665,storage/iniciativas/390-INIC-COD-PENAL-EMMA-PAN.pdf,
666,storage/iniciativas/391-INIC-EDUCAC-PMC.pdf,
667,storage/iniciativas/392-INIC-LOADM-PRD.pdf,
1255,storage/iniciativas/46-PA-SIMPLIFICAC-PEREZ-PM.pdf,
1256,storage/iniciativas/47-PA-FACULTADES-KARIM-PM.pdf,
1257,storage/iniciativas/71-PA-MIGRANTES-SANTILLAN-PT.pdf,storage/decretos/ACUERDO 71.pdf
1258,storage/iniciativas/72-PA-PALMILLAS-MEJIA-PRI.pdf,storage/decretos/ACUERDO 72.pdf
1259,storage/iniciativas/48-PA-CLIMATICO-ANUAR-PAN.pdf,
1260,,storage/decretos/ACUERDO 73.pdf
668,storage/iniciativas/393-INIC-COD-FINANC-OCTAVO-PM.pdf,
669,storage/iniciativas/394-INIC-KOMPAL-AZUCENA-PM.pdf,
670,storage/iniciativas/395-INIC-CONSTITUC-ELENA-PM.pdf,storage/decretos/DECRETO 198.pdf
671,storage/iniciativas/396-INIC-DEPORTE-NELLY-PM.pdf,
672,storage/iniciativas/397-INIC-LGBT-LUISA-PM.pdf,
673,storage/iniciativas/398-INIC-COD-PENAL-SUSANA-PM.pdf,
674,storage/iniciativas/399-INIC-LACTANC-ITZEL-PVEM.pdf,
675,storage/iniciativas/400-INIC-NORMAL-PLATA-PT.pdf,
676,storage/iniciativas/401-INIC-MOVILIDAD-SOFIA-PT.pdf,
677,storage/iniciativas/402-INIC-CONSTITC-COLIN-PRI.pdf,
678,storage/iniciativas/403-INIC-COD-ADM-KRISHNA-PAN.pdf,
679,storage/iniciativas/404-INIC-NIÑAS-ALEXIA-PAN.pdf,
681,storage/iniciativas/405-INIC-BIODIVER-PMC.pdf,
681,storage/iniciativas/406-INIC-CONSTITUC-PMC.pdf,
682,storage/iniciativas/407-INIC-MOVILIDAD-PRD.pdf,
1261,storage/iniciativas/49-PA-ASUETO-LINARES-PVEM.pdf,
1262,storage/iniciativas/74-PA-ENCUENTRO-YURIXI-PT.pdf,storage/decretos/ACUERDO 74.pdf
683,storage/iniciativas/3-INIC-PREDIO-CHICOLOAPAN-EJEC.pdf,storage/decretos/DEC 120.pdf
684,storage/iniciativas/408-INIC-UNIDADES-EJEC.PDF,
685,storage/iniciativas/958_removed.pdf,storage/decretos/DECRETO 123.pdf
686,storage/iniciativas/410-INIC-CONST-TRANSP-EJEC.pdf,storage/decretos/DECRETO 198.pdf
687,storage/iniciativas/411-INIC-CONST-OCTAVIO-PM.pdf,
688,storage/iniciativas/412-INIC-DER-HUM-AZUCENA-PM.pdf,
689,storage/iniciativas/413-INIC-UNIDADES-PVEM.pdf,
690,storage/iniciativas/414-INIC-COD-CIVIL-CASTRO-PRI.pdf,
691,storage/iniciativas/415-INIC-COD-PENAL-ANUAR-PAN.pdf,storage/decretos/DECRETO 217.pdf
1263,storage/iniciativas/50-PA-TENANCINGO-PMC.pdf,
692,storage/iniciativas/416-INIC-CONST-BIENESTAR-EJEC.pdf,storage/decretos/DECRETO 182.pdf
693,storage/iniciativas/4-INIC-LICENCIA-MGDA-TSJ.pdf,storage/decretos/DECRETO 125.pdf
694,storage/iniciativas/122-INIC-2EXTRA-DIP-PERMAN.doc,storage/decretos/DECRETO 122.pdf
696,storage/iniciativas/5-INIC-INMUEBLE-NAUCALPAN-EJEC.pdf,storage/decretos/DECRETO 130.pdf
1264,,storage/decretos/ACUERDO 75.pdf
1265,,storage/decretos/ACUERDO 76.pdf
697,storage/iniciativas/402-INIC-INMUEBLE-ECATEPEC-EJEC.pdf,storage/decretos/DECRETO 137.pdf
698,storage/iniciativas/3-INIC-PLACA-PEREZ-PM.pdf,storage/decretos/DECRETO 126.pdf
699,storage/iniciativas/403-INIC-CONSTITUC-ANUAR-PAN.pdf,
700,storage/iniciativas/404-INIC-INMUEBLE-IXTAPALUCA-IMSS.pdf,storage/decretos/DECRETO 139.pdf
701,storage/iniciativas/405-INIC-INMUEBLE-ATLACOMULCO-IMSS.pdf,storage/decretos/DECRETO 138.pdf
702,storage/iniciativas/406-INIC-DIADELDEPORTE-CERON-PM.pdf,storage/decretos/DEC 179.pdf
703,storage/iniciativas/407-INIC-BIDIV-COLETTE-PM.pdf,
704,storage/iniciativas/408-INIC-LOMPAL-PVEM.pdf,
705,storage/iniciativas/409-INIC-COD-FINANCIERO-PVEM.pdf,
706,storage/iniciativas/410-INIC-NIÑAS-EMMA-PAN.pdf,
707,storage/iniciativas/411-INIC-BIODIV-PMC.pdf,
708,storage/iniciativas/136-INIC-3EXTRAORD.doc,storage/decretos/DECRETO 136.pdf
1266,storage/iniciativas/51-PA-INDIGENAS-PLIEGO-PM.pdf,storage/decretos/ACUERDO 86.pdf
1267,,storage/decretos/ACUERDO 77.pdf
709,storage/iniciativas/409-INIC-INMUEBLE-IMSS-BIENEST-PUTLA-TENANGODELVALLE.pdf,storage/decretos/DECRETO 144.pdf
710,storage/iniciativas/410-INIC-INMUEBLE-IMSS-BIENEST-BALDERAS-TENANGODELVALLE.pdf,storage/decretos/DECRETO 145.pdf
711,storage/iniciativas/411-INIC-INMUEBLE-IMSS-BIENEST-CHICONCUAC.pdf,storage/decretos/DECRETO 146.pdf
712,storage/iniciativas/412-INIC-INMUEBLE-IMSS-BIENEST-CHICOLOAPAN.pdf,storage/decretos/DECRETO 147.pdf
713,storage/iniciativas/413-INIC-INMUEBLE-IMSS-BIENEST-CHIMALHUACÁN.pdf,storage/decretos/DECRETO 148.pdf
714,storage/iniciativas/414-INIC-INMUEBLE-IMSS-BIENEST-ECATEPEC.pdf,storage/decretos/DECRETO 149.pdf
715,storage/iniciativas/415-INIC-INMUEBLE-IMSS-BIENEST-NAUCALPAN.pdf,storage/decretos/DECRETO 150.pdf
716,storage/iniciativas/416-INIC-INMUEBLE-IMSS-BIENEST-TECÁMAC.pdf,storage/decretos/DECRETO 151.pdf
717,storage/iniciativas/417-INIC-INMUEBLE-IMSS-BIENEST-TEOLOYUCAN.pdf,storage/decretos/DECRETO 152.pdf
718,storage/iniciativas/418-INIC-INMUEBLE-IMSS-BIENEST-CHALCO.pdf,storage/decretos/DECRETO 153.pdf
719,storage/iniciativas/419-INIC-INMUEBLE-IMSS-BIENEST-CUAUTITLÁN IZCALL.pdf,storage/decretos/DECRETO 154.pdf
720,storage/iniciativas/420-INIC-INMUEBLE-IMSS-BIENEST-ATIZAPÁNDEZAR.pdf,storage/decretos/DECRETO 155.pdf
721,storage/iniciativas/421-INIC-INMUEBLE-IMSS-BIENEST-LERMA.pdf,storage/decretos/DECRETO 156.pdf
722,storage/iniciativas/422-INIC-INMUEBLE-IMSS-BIENEST-SOYANIQUILPAN.pdf,storage/decretos/DECRETO 157.pdf
723,storage/iniciativas/423-INIC-INMUEBLE-IMSS-BIENEST-CHIMALHUACÁN.pdf,storage/decretos/DECRETO 158.pdf
724,storage/iniciativas/424-INIC-INMUEBLE-IMSS-BIENEST-VALLEDEBRAVO.pdf,storage/decretos/DECRETO 159.pdf
725,storage/iniciativas/425-INIC-INMUEBLE-IMSS-BIENEST-SAN FELIPE DEL PROGRESO.pdf,storage/decretos/DECRETO 160.pdf
726,storage/iniciativas/426-INIC-INMUEBLE-IMSS-BIENEST-TEXCOCO.pdf,storage/decretos/DECRETO 161.pdf
727,storage/iniciativas/427-INIC-INMUEBLE-IMSS-BIENEST-TECÁMAC.pdf,storage/decretos/DECRETO 162.pdf
728,storage/iniciativas/428-INIC-INMUEBLE-IMSS-BIENEST-JIQUIPILCO.pdf,storage/decretos/DECRETO 163.pdf
729,storage/iniciativas/429-INIC-INMUEBLE-IMSS-BIENEST-SANANTONIOLAISLA.pdf,storage/decretos/DECRETO 164.pdf
730,storage/iniciativas/430-INIC-INMUEBLE-IMSS-BIENEST-IXTLAHUACA.pdf,storage/decretos/DECRETO 165.pdf
731,storage/iniciativas/431-INIC-INMUEBLE-IMSS-BIENEST-TULTITLÁN.pdf,storage/decretos/DECRETO 166.pdf
720,storage/iniciativas/432-INIC-INMUEBLE-IMSS-BIENEST-ATIZAPÁNDEZARAGOZA.pdf,storage/decretos/DECRETO 167.pdf
733,storage/iniciativas/433-INIC-INMUEBLE-IMSS-BIENEST-TLANEPANTLADEBAZ.pdf,storage/decretos/DECRETO 168.pdf
734,storage/iniciativas/434-INIC-INMUEBLE-IMSS-BIENEST-TLALNEPANTLADEBAZ.pdf,storage/decretos/DECRETO 169.pdf
735,storage/iniciativas/435-INIC-INMUEBLE-IMSS-BIENEST-TLALNEPANTLADEBAZ.pdf,storage/decretos/DECRETO 170.pdf
736,storage/iniciativas/436-INIC-INMUEBLE-IMSS-BIENEST-ISIDROFABELA.pdf,storage/decretos/DECRETO 171.pdf
737,storage/iniciativas/437-INIC-INMUEBLE-IMSS-BIENEST-CHIAUTLA.pdf,storage/decretos/DECRETO 172.pdf
738,storage/iniciativas/2-INIC-CONTRALOR- TEEM.doc,storage/decretos/DECRETO 143.pdf
739,storage/iniciativas/438-INIC-ABROGA98-AGUA-POLOTITLAN-EJEC.pdf,storage/decretos/DEC 181.pdf
740,storage/iniciativas/439-INIC-INMUEBLE-TEXCOCO-EJEC.pdf,storage/decretos/DECRETO 213.pdf
741,storage/iniciativas/440-INIC-INMUEBLE-IMSS-BIENESTAR-CHIMALHUACÁN.pdf,storage/decretos/DECRETO 173.pdf
742,storage/iniciativas/441-INIC-PJUDICIAL-PM-PVEM-PT.pdf,storage/decretos/DECRETO 141.pdf
743,storage/iniciativas/442-INIC-LOMPAL-AZUCENA-PM.pdf,
744,storage/iniciativas/443-INIC-ASISTENCIA-COLETTE-PM.pdf,storage/decretos/DECRETO 196.pdf
745,storage/iniciativas/444-INIC-COD-PENAL-OCTAVIO-PM.pdf,storage/decretos/DECRETO 203.pdf
746,storage/iniciativas/445-INIC-COD-ADM-PVEM.pdf,
747,storage/iniciativas/446-INIC-COD-PENAL-EMMA-PAN.pdf,
1268,storage/iniciativas/52-PA-SALUD-PVEM.pdf,
1269,storage/iniciativas/53-PA-TRANSPORTE-PMC.pdf,
748,storage/iniciativas/140-INIC-4EXTRA.doc,storage/decretos/DECRETO 140.pdf
1270,,storage/decretos/ACUERDO 78.pdf
749,storage/iniciativas/142-INI-JUCOPO.doc,storage/decretos/DECRETO 142.pdf
1271,,storage/decretos/ACUERDO 79.pdf
750,storage/iniciativas/406-INIC-EDUCAC-SANDRA-PM.pdf,storage/decretos/DECRETO 234.pdf
751,storage/iniciativas/406-INIC-LECTURA-RIOS-PM.pdf,storage/decretos/DECRETO 252.pdf
752,storage/iniciativas/8-INIC-TECAMAC-SAMUEL-PM.pdf,storage/decretos/DECRETO 174.pdf
753,storage/iniciativas/408-INIC-EMPRESA-VALENTIN-PM.pdf,
754,storage/iniciativas/409-INIC-INCLUSION-NAVARRETE-PM.pdf,
755,storage/iniciativas/410-INIC-EDUCAC-ZAIRA-PM.pdf,
756,storage/iniciativas/411-INIC-COD-ADM-IMM-PVEM.pdf,
757,storage/iniciativas/412-INIC-COD-PENAL-ITZEL-PVEM.pdf,
758,storage/iniciativas/413-INIC-BIODIV-LINARES-PVEM.pdf,
759,storage/iniciativas/414-INIC-COD-CIVIL-COLIN-PRI.pdf,storage/decretos/DECRETO 200.pdf
760,storage/iniciativas/415-INIC-TURISMO-KRISHNA-PAN.pdf,storage/decretos/DECRETO 249.pdf
761,storage/iniciativas/416-INIC-COD-FINANC-JOANNA-PAN.pdf,
762,storage/iniciativas/417-INIC-COD-PENAL-PMC.pdf,
763,storage/iniciativas/418-INIC-ASISTENC-PRD.pdf,
1272,storage/iniciativas/54-PA-SEGURIDAD-PMC.pdf,
1273,storage/iniciativas/80-PA-COMISIONES-JCP.doc,storage/decretos/ACUERDO 80.pdf
764,,storage/decretos/DEC 180.pdf
765,storage/iniciativas/175-INIC-DESIGNAC-ORG-ADM-JUDICIAL.doc,storage/decretos/DECRETO 175.pdf
1274,storage/iniciativas/81-MINUTA-CPEUM-GUARDIA NACIONAL.pdf,storage/decretos/ACUERDO 81-minuta.pdf
766,storage/iniciativas/418-INIC-IMSS-BIENESTAR-JILOTEPEC-EJEC.pdf,storage/decretos/DEC 185.pdf
767,storage/iniciativas/419-INIC-IMSS-BIENESTAR-TIMILPAN-EJEC.pdf,storage/decretos/DEC 186.pdf
768,storage/iniciativas/420-INIC-IMSS-BIENESTAR-TIMILPAN-EJEC.pdf,storage/decretos/DEC 187.pdf
769,storage/iniciativas/421-INIC-IMSS-BIENESTAR-ACULCO-EJEC.pdf,storage/decretos/DEC 188.pdf
770,storage/iniciativas/422-INIC-IMSS-BIENESTAR-ATIZAPANDEZ-EJEC.pdf,storage/decretos/DEC 189.pdf
771,storage/iniciativas/423-INIC-IMSS-BIENESTAR-TLANE-EJEC.pdf,storage/decretos/DEC 190.pdf
770,storage/iniciativas/424-INIC-IMSS-BIENESTAR-ATIZAPANDEZ-EJEC.pdf,storage/decretos/DEC 191.pdf
773,storage/iniciativas/425-INIC-IMSS-BIENESTAR-TLANE-EJEC.pdf,storage/decretos/DEC 192.pdf
774,storage/iniciativas/426-INIC-IMSS-BIENESTAR-TLANE-EJEC.pdf,storage/decretos/DEC 193.pdf
775,storage/iniciativas/427-INIC-BIODIVER-EJEC.pdf,storage/decretos/DEC 183.pdf
776,storage/iniciativas/428-LIMITROFE-TEOLOYUCAN-TEPOTZOTLAN.pdf,
777,storage/iniciativas/429-LIMITROFE-TEOLOYUCAN Y CUAUTITLAN-IZCALLI.pdf,
778,storage/iniciativas/430-INIC-MUJERES-NELLY-PM.pdf,
779,storage/iniciativas/431-INIC-COD-PENAL-OCTAVIO-PM.pdf,
780,storage/iniciativas/432-INIC-COD-PENAL-ESPINDOLA-PM.pdf,
781,storage/iniciativas/433-INIC-NIÑAS-LULE-PM.pdf,
782,storage/iniciativas/434-INIC-COD-ADM-JENNIFER-PM.pdf,
783,storage/iniciativas/435-INIC-CONSTITUC-RIGOBERTO-PM.pdf,
784,storage/iniciativas/436-INIC-BIODIVER-HECTOR-PVEM.pdf,
785,storage/iniciativas/437-INIC-DESAPARIC-YURIXI-PT.pdf,
786,storage/iniciativas/438-INIC-APICULTURA-MEJIA-PRI.pdf,
787,storage/iniciativas/439-INIC-SEGURIDAD-ROCIO-PAN.pdf,
788,storage/iniciativas/440-INIC-COD-ADM-ANUAR-PAN.pdf,
789,storage/iniciativas/441-INIC-PERIODISTAS-PMC.pdf,
790,storage/iniciativas/442-INIC-SEGURIDAD-PMC.pdf,
791,storage/iniciativas/443-INIC-TRATO-PRD.pdf,
1275,storage/iniciativas/55-PA-COMISION-IMM-PVEM.pdf,
1276,storage/iniciativas/56-PA-D265-FIGUEROA-PVEM.pdf,
1277,storage/iniciativas/82-PA-TEOTIHUACAN-URBINA-PRI.pdf,storage/decretos/ACUERDO 82.pdf
1278,,storage/decretos/ACUERDO 83.pdf
1279,storage/iniciativas/84-MINUTA-73CPEUM-SENADO.pdf,storage/decretos/ACUERDO 84-minuta.pdf
1280,,storage/decretos/ACUERDO 85.pdf
792,storage/iniciativas/444-INIC-ALFEÑIQUE-TOLUCA.pdf,storage/decretos/DECRETO 184.pdf
793,storage/iniciativas/445-INIC-DIVERSIDAD-COLETTE-PM.pdf,
794,storage/iniciativas/446-INIC-LOMPAL-PLIEGO-PM.pdf,
795,storage/iniciativas/447-INIC-COD-PENAL-LUISA-PM.pdf,
796,storage/iniciativas/448-INIC-MUJERES-SANDRA-PM.pdf,
797,storage/iniciativas/449-INIC-MUJERES-JENNIFER-PM.pdf,
798,storage/iniciativas/450-INIC-COMPET-SUSANA-PM.pdf,storage/decretos/DECRETO 249.pdf
799,storage/iniciativas/451-INIC-ACTOS-ZAIRA-PM.pdf,
800,storage/iniciativas/452-INIC-FISCALIA-SILVA-PVEM.pdf,
801,storage/iniciativas/453-INIC-COD-ADM-PEREZ-PVEM.pdf,
802,storage/iniciativas/454-INIC-CONSTITUC-ELIAS-PRI.pdf,
803,storage/iniciativas/455-INIC-ASISTENCIA-EMMA-PAN.pdf,
804,storage/iniciativas/456-INIC-ADULTAS-PMC.pdf,
805,storage/iniciativas/457-INIC-COD-ADM-PMC.pdf,
806,storage/iniciativas/458-INIC-CONSTITUC-PRD.pdf,
1281,storage/iniciativas/56-PA-LERMA-KALID-PM.pdf,storage/decretos/ACUERDO 87.pdf
1282,storage/iniciativas/57-PA-CAMPO-VANESSA-PVEM.pdf,
1283,storage/iniciativas/58-PA-DIGITAL-ALEXIA-PAN.pdf,storage/decretos/ACUERDO 88.pdf
932,storage/iniciativas/440-INIC-RESPOSABILIDADES-GUTIERREZ-PM.pdf,
933,storage/iniciativas/441-INIC-MECANISMOS-OCTAVIO-PM.pdf,
934,storage/iniciativas/442-INIC-COD-CIVIL-ESPINDOLA-PM.pdf,storage/decretos/DECRETO 233.pdf
935,storage/iniciativas/443-INIC-NIÑAS-LULE-PM.pdf,storage/decretos/DECRETO 256.pdf
936,storage/iniciativas/444-INIC-COD-FINANC-JAVIER-PM.pdf,
937,storage/iniciativas/445-INIC-MOVILIDAD-YESICA-PM.pdf,
938,storage/iniciativas/446-INIC-MOVILIDAD-PELAEZ-PVEM.pdf,
939,storage/iniciativas/447-INIC-CAMBIO-HONORIA-PVEM.pdf,
940,storage/iniciativas/448-INIC-TRABAJO-SILVA-PVEM.pdf,
941,storage/iniciativas/449-INIC-VOLUNTAD-ISAAC-PT.pdf,
942,storage/iniciativas/450-INIC-COD-PENAL-URBINA-PRI.pdf,storage/decretos/DECRETO 247.pdf
943,storage/iniciativas/451-INIC-CONSTITUC-ZARZOSA-PRI.pdf,
944,storage/iniciativas/452-INIC-COD-PENAL-JOANNA-PAN.pdf,
945,storage/iniciativas/453-INIC-COD-ADM-EMMA-PAN.pdf,
946,storage/iniciativas/454-INIC-CONSTITUC-PMC.pdf,
947,storage/iniciativas/455-INIC-COD-ADM-PMC.pdf,
948,storage/iniciativas/456-INIC-EDUCAC-PRD.pdf,
807,storage/iniciativas/807-929-OFIC-TABLAS DE VALOR-2026-.doc,storage/decretos/DEC 236.pdf
808,storage/iniciativas/807-929-OFIC-TABLAS DE VALOR-2026-.doc,storage/decretos/DECRETO 236.pdf
809,storage/iniciativas/807-929-OFIC-TABLAS DE VALOR-2026-.doc,storage/decretos/DECRETO 236.pdf
810,storage/iniciativas/807-929-OFIC-TABLAS DE VALOR-2026-.doc,storage/decretos/DECRETO 236.pdf
811,storage/iniciativas/807-929-OFIC-TABLAS DE VALOR-2026-.doc,storage/decretos/DECRETO 236.pdf
812,storage/iniciativas/807-929-OFIC-TABLAS DE VALOR-2026-.doc,storage/decretos/DECRETO 236.pdf
813,storage/iniciativas/807-929-OFIC-TABLAS DE VALOR-2026-.doc,storage/decretos/DECRETO 236.pdf
814,storage/iniciativas/807-929-OFIC-TABLAS DE VALOR-2026-.doc,storage/decretos/DECRETO 236.pdf
815,storage/iniciativas/807-929-OFIC-TABLAS DE VALOR-2026-.doc,storage/decretos/DECRETO 236.pdf
816,storage/iniciativas/807-929-OFIC-TABLAS DE VALOR-2026-.doc,storage/decretos/DECRETO 236.pdf
817,storage/iniciativas/807-929-OFIC-TABLAS DE VALOR-2026-.doc,storage/decretos/DECRETO 236.pdf
818,storage/iniciativas/807-929-OFIC-TABLAS DE VALOR-2026-.doc,storage/decretos/DECRETO 236.pdf
819,storage/iniciativas/807-929-OFIC-TABLAS DE VALOR-2026-.doc,storage/decretos/DECRETO 236.pdf
820,storage/iniciativas/807-929-OFIC-TABLAS DE VALOR-2026-.doc,storage/decretos/DECRETO 236.pdf
821,storage/iniciativas/807-929-OFIC-TABLAS DE VALOR-2026-.doc,storage/decretos/DECRETO 236.pdf
822,storage/iniciativas/807-929-OFIC-TABLAS DE VALOR-2026-.doc,storage/decretos/DECRETO 236.pdf
823,storage/iniciativas/807-929-OFIC-TABLAS DE VALOR-2026-.doc,storage/decretos/DECRETO 236.pdf
824,storage/iniciativas/807-929-OFIC-TABLAS DE VALOR-2026-.doc,storage/decretos/DECRETO 236.pdf
825,storage/iniciativas/807-929-OFIC-TABLAS DE VALOR-2026-.doc,storage/decretos/DECRETO 236.pdf
826,storage/iniciativas/807-929-OFIC-TABLAS DE VALOR-2026-.doc,storage/decretos/DECRETO 236.pdf
827,storage/iniciativas/807-929-OFIC-TABLAS DE VALOR-2026-.doc,storage/decretos/DECRETO 236.pdf
828,storage/iniciativas/807-929-OFIC-TABLAS DE VALOR-2026-.doc,storage/decretos/DECRETO 236.pdf
829,storage/iniciativas/807-929-OFIC-TABLAS DE VALOR-2026-.doc,storage/decretos/DECRETO 236.pdf
830,storage/iniciativas/807-929-OFIC-TABLAS DE VALOR-2026-.doc,storage/decretos/DECRETO 236.pdf
831,storage/iniciativas/807-929-OFIC-TABLAS DE VALOR-2026-.doc,storage/decretos/DECRETO 236.pdf
832,storage/iniciativas/807-929-OFIC-TABLAS DE VALOR-2026-.doc,storage/decretos/DECRETO 236.pdf
833,storage/iniciativas/807-929-OFIC-TABLAS DE VALOR-2026-.doc,storage/decretos/DECRETO 236.pdf
834,storage/iniciativas/807-929-OFIC-TABLAS DE VALOR-2026-.doc,storage/decretos/DECRETO 236.pdf
835,storage/iniciativas/807-929-OFIC-TABLAS DE VALOR-2026-.doc,storage/decretos/DECRETO 236.pdf
836,storage/iniciativas/807-929-OFIC-TABLAS DE VALOR-2026-.doc,storage/decretos/DECRETO 236.pdf
837,storage/iniciativas/807-929-OFIC-TABLAS DE VALOR-2026-.doc,storage/decretos/DECRETO 236.pdf
838,storage/iniciativas/807-929-OFIC-TABLAS DE VALOR-2026-.doc,storage/decretos/DECRETO 236.pdf
839,storage/iniciativas/807-929-OFIC-TABLAS DE VALOR-2026-.doc,storage/decretos/DECRETO 236.pdf
840,storage/iniciativas/807-929-OFIC-TABLAS DE VALOR-2026-.doc,storage/decretos/DECRETO 236.pdf
841,storage/iniciativas/807-929-OFIC-TABLAS DE VALOR-2026-.doc,storage/decretos/DECRETO 236.pdf
842,storage/iniciativas/807-929-OFIC-TABLAS DE VALOR-2026-.doc,storage/decretos/DECRETO 236.pdf
843,storage/iniciativas/807-929-OFIC-TABLAS DE VALOR-2026-.doc,storage/decretos/DECRETO 236.pdf
844,storage/iniciativas/807-929-OFIC-TABLAS DE VALOR-2026-.doc,storage/decretos/DECRETO 236.pdf
845,storage/iniciativas/807-929-OFIC-TABLAS DE VALOR-2026-.doc,storage/decretos/DECRETO 236.pdf
846,storage/iniciativas/807-929-OFIC-TABLAS DE VALOR-2026-.doc,storage/decretos/DECRETO 236.pdf
847,storage/iniciativas/807-929-OFIC-TABLAS DE VALOR-2026-.doc,storage/decretos/DECRETO 236.pdf
848,storage/iniciativas/807-929-OFIC-TABLAS DE VALOR-2026-.doc,storage/decretos/DECRETO 236.pdf
849,storage/iniciativas/807-929-OFIC-TABLAS DE VALOR-2026-.doc,storage/decretos/DECRETO 236.pdf
850,storage/iniciativas/807-929-OFIC-TABLAS DE VALOR-2026-.doc,storage/decretos/DECRETO 236.pdf
851,storage/iniciativas/807-929-OFIC-TABLAS DE VALOR-2026-.doc,storage/decretos/DECRETO 236.pdf
852,storage/iniciativas/807-929-OFIC-TABLAS DE VALOR-2026-.doc,storage/decretos/DECRETO 236.pdf
853,storage/iniciativas/807-929-OFIC-TABLAS DE VALOR-2026-.doc,storage/decretos/DECRETO 236.pdf
854,storage/iniciativas/807-929-OFIC-TABLAS DE VALOR-2026-.doc,storage/decretos/DECRETO 236.pdf
855,storage/iniciativas/807-929-OFIC-TABLAS DE VALOR-2026-.doc,storage/decretos/DECRETO 236.pdf
856,storage/iniciativas/807-929-OFIC-TABLAS DE VALOR-2026-.doc,storage/decretos/DECRETO 236.pdf
857,storage/iniciativas/807-929-OFIC-TABLAS DE VALOR-2026-.doc,storage/decretos/DECRETO 236.pdf
858,storage/iniciativas/807-929-OFIC-TABLAS DE VALOR-2026-.doc,storage/decretos/DECRETO 236.pdf
859,storage/iniciativas/807-929-OFIC-TABLAS DE VALOR-2026-.doc,storage/decretos/DECRETO 236.pdf
860,storage/iniciativas/807-929-OFIC-TABLAS DE VALOR-2026-.doc,storage/decretos/DECRETO 236.pdf
861,storage/iniciativas/807-929-OFIC-TABLAS DE VALOR-2026-.doc,storage/decretos/DECRETO 236.pdf
862,storage/iniciativas/807-929-OFIC-TABLAS DE VALOR-2026-.doc,storage/decretos/DECRETO 236.pdf
863,storage/iniciativas/807-929-OFIC-TABLAS DE VALOR-2026-.doc,storage/decretos/DECRETO 236.pdf
864,storage/iniciativas/807-929-OFIC-TABLAS DE VALOR-2026-.doc,storage/decretos/DECRETO 236.pdf
865,storage/iniciativas/807-929-OFIC-TABLAS DE VALOR-2026-.doc,storage/decretos/DECRETO 236.pdf
866,storage/iniciativas/807-929-OFIC-TABLAS DE VALOR-2026-.doc,storage/decretos/DECRETO 236.pdf
867,storage/iniciativas/807-929-OFIC-TABLAS DE VALOR-2026-.doc,storage/decretos/DECRETO 236.pdf
868,storage/iniciativas/807-929-OFIC-TABLAS DE VALOR-2026-.doc,storage/decretos/DECRETO 236.pdf
869,storage/iniciativas/807-929-OFIC-TABLAS DE VALOR-2026-.doc,storage/decretos/DECRETO 236.pdf
870,storage/iniciativas/807-929-OFIC-TABLAS DE VALOR-2026-.doc,storage/decretos/DECRETO 236.pdf
871,storage/iniciativas/807-929-OFIC-TABLAS DE VALOR-2026-.doc,storage/decretos/DECRETO 236.pdf
872,storage/iniciativas/807-929-OFIC-TABLAS DE VALOR-2026-.doc,storage/decretos/DECRETO 236.pdf
873,storage/iniciativas/807-929-OFIC-TABLAS DE VALOR-2026-.doc,storage/decretos/DECRETO 236.pdf
874,storage/iniciativas/807-929-OFIC-TABLAS DE VALOR-2026-.doc,storage/decretos/DECRETO 236.pdf
875,storage/iniciativas/807-929-OFIC-TABLAS DE VALOR-2026-.doc,storage/decretos/DECRETO 236.pdf
876,storage/iniciativas/807-929-OFIC-TABLAS DE VALOR-2026-.doc,storage/decretos/DECRETO 236.pdf
877,storage/iniciativas/807-929-OFIC-TABLAS DE VALOR-2026-.doc,storage/decretos/DECRETO 236.pdf
878,storage/iniciativas/807-929-OFIC-TABLAS DE VALOR-2026-.doc,storage/decretos/DECRETO 236.pdf
879,storage/iniciativas/807-929-OFIC-TABLAS DE VALOR-2026-.doc,storage/decretos/DECRETO 236.pdf
880,storage/iniciativas/807-929-OFIC-TABLAS DE VALOR-2026-.doc,storage/decretos/DECRETO 236.pdf
881,storage/iniciativas/807-929-OFIC-TABLAS DE VALOR-2026-.doc,storage/decretos/DECRETO 236.pdf
882,storage/iniciativas/807-929-OFIC-TABLAS DE VALOR-2026-.doc,storage/decretos/DECRETO 236.pdf
883,storage/iniciativas/807-929-OFIC-TABLAS DE VALOR-2026-.doc,storage/decretos/DECRETO 236.pdf
884,storage/iniciativas/807-929-OFIC-TABLAS DE VALOR-2026-.doc,storage/decretos/DECRETO 236.pdf
885,storage/iniciativas/807-929-OFIC-TABLAS DE VALOR-2026-.doc,storage/decretos/DECRETO 236.pdf
886,storage/iniciativas/807-929-OFIC-TABLAS DE VALOR-2026-.doc,storage/decretos/DECRETO 236.pdf
887,storage/iniciativas/807-929-OFIC-TABLAS DE VALOR-2026-.doc,storage/decretos/DECRETO 236.pdf
888,storage/iniciativas/807-929-OFIC-TABLAS DE VALOR-2026-.doc,storage/decretos/DECRETO 236.pdf
889,storage/iniciativas/807-929-OFIC-TABLAS DE VALOR-2026-.doc,storage/decretos/DECRETO 236.pdf
890,storage/iniciativas/807-929-OFIC-TABLAS DE VALOR-2026-.doc,storage/decretos/DECRETO 236.pdf
891,storage/iniciativas/807-929-OFIC-TABLAS DE VALOR-2026-.doc,storage/decretos/DECRETO 236.pdf
892,storage/iniciativas/807-929-OFIC-TABLAS DE VALOR-2026-.doc,storage/decretos/DECRETO 236.pdf
893,storage/iniciativas/807-929-OFIC-TABLAS DE VALOR-2026-.doc,storage/decretos/DECRETO 236.pdf
894,storage/iniciativas/807-929-OFIC-TABLAS DE VALOR-2026-.doc,storage/decretos/DECRETO 236.pdf
895,storage/iniciativas/807-929-OFIC-TABLAS DE VALOR-2026-.doc,storage/decretos/DECRETO 236.pdf
896,storage/iniciativas/807-929-OFIC-TABLAS DE VALOR-2026-.doc,storage/decretos/DECRETO 236.pdf
897,storage/iniciativas/807-929-OFIC-TABLAS DE VALOR-2026-.doc,storage/decretos/DECRETO 236.pdf
898,storage/iniciativas/807-929-OFIC-TABLAS DE VALOR-2026-.doc,storage/decretos/DECRETO 236.pdf
899,storage/iniciativas/807-929-OFIC-TABLAS DE VALOR-2026-.doc,storage/decretos/DECRETO 236.pdf
900,storage/iniciativas/807-929-OFIC-TABLAS DE VALOR-2026-.doc,storage/decretos/DECRETO 236.pdf
901,storage/iniciativas/807-929-OFIC-TABLAS DE VALOR-2026-.doc,storage/decretos/DECRETO 236.pdf
902,storage/iniciativas/807-929-OFIC-TABLAS DE VALOR-2026-.doc,storage/decretos/DECRETO 236.pdf
903,storage/iniciativas/807-929-OFIC-TABLAS DE VALOR-2026-.doc,storage/decretos/DECRETO 236.pdf
904,storage/iniciativas/807-929-OFIC-TABLAS DE VALOR-2026-.doc,storage/decretos/DECRETO 236.pdf
905,storage/iniciativas/807-929-OFIC-TABLAS DE VALOR-2026-.doc,storage/decretos/DECRETO 236.pdf
906,storage/iniciativas/807-929-OFIC-TABLAS DE VALOR-2026-.doc,storage/decretos/DECRETO 236.pdf
907,storage/iniciativas/807-929-OFIC-TABLAS DE VALOR-2026-.doc,storage/decretos/DECRETO 236.pdf
908,storage/iniciativas/807-929-OFIC-TABLAS DE VALOR-2026-.doc,storage/decretos/DECRETO 236.pdf
909,storage/iniciativas/807-929-OFIC-TABLAS DE VALOR-2026-.doc,storage/decretos/DECRETO 236.pdf
910,storage/iniciativas/807-929-OFIC-TABLAS DE VALOR-2026-.doc,storage/decretos/DECRETO 236.pdf
911,storage/iniciativas/807-929-OFIC-TABLAS DE VALOR-2026-.doc,storage/decretos/DECRETO 236.pdf
912,storage/iniciativas/807-929-OFIC-TABLAS DE VALOR-2026-.doc,storage/decretos/DECRETO 236.pdf
913,storage/iniciativas/807-929-OFIC-TABLAS DE VALOR-2026-.doc,storage/decretos/DECRETO 236.pdf
914,storage/iniciativas/807-929-OFIC-TABLAS DE VALOR-2026-.doc,storage/decretos/DECRETO 236.pdf
915,storage/iniciativas/807-929-OFIC-TABLAS DE VALOR-2026-.doc,storage/decretos/DECRETO 236.pdf
916,storage/iniciativas/807-929-OFIC-TABLAS DE VALOR-2026-.doc,storage/decretos/DECRETO 236.pdf
917,storage/iniciativas/807-929-OFIC-TABLAS DE VALOR-2026-.doc,storage/decretos/DECRETO 236.pdf
918,storage/iniciativas/807-929-OFIC-TABLAS DE VALOR-2026-.doc,storage/decretos/DECRETO 236.pdf
919,storage/iniciativas/807-929-OFIC-TABLAS DE VALOR-2026-.doc,storage/decretos/DECRETO 236.pdf
920,storage/iniciativas/807-929-OFIC-TABLAS DE VALOR-2026-.doc,storage/decretos/DECRETO 236.pdf
921,storage/iniciativas/807-929-OFIC-TABLAS DE VALOR-2026-.doc,storage/decretos/DECRETO 236.pdf
922,storage/iniciativas/807-929-OFIC-TABLAS DE VALOR-2026-.doc,storage/decretos/DECRETO 236.pdf
923,storage/iniciativas/807-929-OFIC-TABLAS DE VALOR-2026-.doc,storage/decretos/DECRETO 236.pdf
924,storage/iniciativas/807-929-OFIC-TABLAS DE VALOR-2026-.doc,storage/decretos/DECRETO 236.pdf
925,storage/iniciativas/807-929-OFIC-TABLAS DE VALOR-2026-.doc,storage/decretos/DECRETO 236.pdf
926,storage/iniciativas/807-929-OFIC-TABLAS DE VALOR-2026-.doc,storage/decretos/DECRETO 236.pdf
927,storage/iniciativas/807-929-OFIC-TABLAS DE VALOR-2026-.doc,storage/decretos/DECRETO 236.pdf
928,storage/iniciativas/807-929-OFIC-TABLAS DE VALOR-2026-.doc,storage/decretos/DECRETO 236.pdf
929,storage/iniciativas/807-929-OFIC-TABLAS DE VALOR-2026-.doc,storage/decretos/DECRETO 236.pdf
956,storage/iniciativas/461-INIC-INMUEBLE-IMSS-BIENESTAR-IXTAPALUCA.pdf,storage/decretos/DECRETO 212.pdf
949,storage/iniciativas/454-INIC-INMUEBLE-IMSS-BIENESTAR-CHALCO.pdf,storage/decretos/DECRETO 205.pdf
950,storage/iniciativas/455-INIC-INMUEBLE-IMSS-BIENESTAR-TLALMANALCO.pdf,storage/decretos/DECRETO 207.pdf
951,storage/iniciativas/456-INIC-INMUEBLE-IMSS-BIENESTAR-CHALCO.pdf,storage/decretos/DECRETO 206.pdf
952,storage/iniciativas/457-INIC-INMUEBLE-IMSS-BIENESTAR-VCHALCOS.pdf,storage/decretos/DECRETO 209.pdf
952,storage/iniciativas/458-INIC-INMUEBLE-IMSS-BIENESTAR-VCHALCOS.pdf,storage/decretos/DECRETO 210.pdf
952,storage/iniciativas/459-INIC-INMUEBLE-IMSS-BIENESTAR-VCHALCOS.pdf,storage/decretos/DECRETO 208.pdf
952,storage/iniciativas/460-INIC-INMUEBLE-IMSS-BIENESTAR-VCHALCOS.pdf,storage/decretos/DECRETO 211.pdf
957,storage/iniciativas/462-INIC-MUJERES-ZAIRA-PM.pdf,
958,storage/iniciativas/463-INIC-COD-FINANC-RIOS-PM.pdf,
959,storage/iniciativas/464-INIC-COD-PENAL-PLIEGO-PM.pdf,
960,storage/iniciativas/465-INIC-EDUCAC-RIGOBERTO-PM.pdf,
961,storage/iniciativas/466-INIC-NIÑAS-SANDRA-PM.pdf,
962,storage/iniciativas/467-INIC-CONSTITUC-ARMANDO-PM.pdf,storage/decretos/DECRETO 261.pdf
963,storage/iniciativas/468-INIC-COD-ADM-HONORIA-PVEM.pdf,
964,storage/iniciativas/469-INC-MEZCAL-HECTOR-PVEM.pdf,
965,storage/iniciativas/470-INIC-COD-FINANC-SANTILLAN-PT.pdf,
966,storage/iniciativas/471-INIC-SEGURIDAD-MEJIA-PRI.pdf,
967,storage/iniciativas/472-INIC-FISCALIA-COLIN-PRI.pdf,
968,storage/iniciativas/473-INIC-MEZCAL-MEJIA-PRI.pdf,
969,storage/iniciativas/474-INIC-EDUCAC-ALEXIA-PAN.pdf,
970,storage/iniciativas/475-INIC-TRABAJO-KRISHNA-PAN.pdf,
971,storage/iniciativas/476-INIC-CONSTITUC-PMC.pdf,
972,storage/iniciativas/477-INIC-AGUA-PRD.pdf,
1284,storage/iniciativas/57-PA-DEPORTE-ALEJANDRA-PVEM.pdf,
1285,storage/iniciativas/89-PA-COMISIONES-JCP.doc,storage/decretos/ACUERDO 89.pdf
974,storage/iniciativas/468-INIC-CONSTITUC-MARIAJOSE-PM.pdf,
973,storage/iniciativas/194-INIC-PRESEAS Y JURADOS.doc,storage/decretos/DECRETO 194.pdf
1286,,storage/decretos/ACUERDO 90.pdf
975,storage/iniciativas/469-INIC-LOMPAL-MAURILIO-PM.pdf,
976,storage/iniciativas/470-INIC-NIÑAS-PAOLA-PM.pdf,
977,storage/iniciativas/471-INIC-EDUCAC-YESICA-PM.pdf,
978,storage/iniciativas/472-INIC-MUERTITOS-LULE-PM.pdf,storage/decretos/DECRETO 201.pdf
979,storage/iniciativas/473-INIC-LOMPAL-LUISA-PM.pdf,
980,storage/iniciativas/474-INIC-DERECHOS-SAMUELH-PM.pdf,
981,storage/iniciativas/475-INIC-LOADM-SILVA-PVEM.pdf,
982,storage/iniciativas/476-INIC-BIODIVERSID-ITZEL-PVEM.pdf,
983,storage/iniciativas/477-INIC-ADULTAS-HECTOR-PVEM.pdf,
984,storage/iniciativas/478-INIC-LOMPAL-YURIXI-PT.pdf,
985,storage/iniciativas/479-INIC-CONSTITUC-OSCAR-PT.pdf,
986,storage/iniciativas/480-INIC-SEGURIDAD-CAMACHO-PRI.pdf,
987,storage/iniciativas/481-INIC-SEGURIDAD-CASTRO-PRI.pdf,
988,storage/iniciativas/482-INIC-NIÑAS-ANUAR-PAN.docx,
989,storage/iniciativas/483-INIC-COD-ADM-PMC.pdf,
990,storage/iniciativas/484-INIC-AGUA-PRD.pdf,
1287,storage/iniciativas/58-PA-ENERGIAS-EMMA-PAN.docx,
1288,storage/iniciativas/59-PA-CANCER-PMC.pdf,
930,storage/iniciativas/236-OFIC-TABLAS DE VALOR-2026.doc,storage/decretos/DECRETO 236.pdf
931,storage/iniciativas/236-OFIC-TABLAS DE VALOR-2026.doc,storage/decretos/DECRETO 236.pdf
991,storage/iniciativas/483-INIC-COD-FINANC-OSVALDO-PM.pdf,
992,storage/iniciativas/484-INIC-CONSTITUC-ELENA-PM.pdf,
993,storage/iniciativas/485-INIC-TRANSPARENC-PLIEGO-PM.pdf,
994,storage/iniciativas/486-INIC-CONGRESO-ITZEL-PVEM.pdf,
995,storage/iniciativas/487-INIC-EDUCAC-URBINA-PRI.pdf,
996,storage/iniciativas/488-INIC-VIVIENDA-KRISHNA-PAN.pdf,
997,storage/iniciativas/489-INIC-DEPORTE-PMC.pdf,
998,storage/iniciativas/490-INIC-BIODIVER-PRD.pdf,
1289,storage/iniciativas/91-PA-DERECHOS-CERON-PM.pdf,storage/decretos/ACUERDO 91.pdf
999,storage/iniciativas/8-INIC-ABROGAD402-TEXCOCO-EJEC.pdf,storage/decretos/DECRETO 219.pdf
1016,storage/iniciativas/375-INIC-EDUCAC-ALEXIA-PAN.pdf,
1015,storage/iniciativas/374-INIC-COD-FINANC-JOANNA-PAN.pdf,
1014,storage/iniciativas/373-INIC-FISCALIA-CAMACHO-PRI.pdf,storage/decretos/DECRETO 268.pdf
1013,storage/iniciativas/372-INIC-CONSTITUC-URBINA-PRI.pdf,
1012,storage/iniciativas/371-INIC-JUSTICIA-YURIXI-PT.pdf,
1011,storage/iniciativas/370-INIC-AUTISTA-SARA-PT.pdf,
1010,storage/iniciativas/369-INIC-COD-PENAL-PVEM.pdf,
1009,storage/iniciativas/368-INIC-SANIDAD-PVEM.pdf,
1008,storage/iniciativas/367-INIC-BIODIV-PVEM.pdf,
1007,storage/iniciativas/366-INIC-CONSTITUC-AZUCENA-PM.pdf,
1006,storage/iniciativas/365-INIC-MUJERES-ZAIRA-PM.pdf,
1005,storage/iniciativas/364-INIC-LOMPAL-SANDRA-PM.pdf,
1004,storage/iniciativas/363-INIC-EDUCAC-PAOLA-PM.pdf,
1003,storage/iniciativas/362-INIC-CONSTITUC-OCTAVIO-PM.pdf,
1001,storage/iniciativas/10-INIC-COD-PENAL-EJEC.pdf,storage/decretos/DECRETO 216.pdf
1002,storage/iniciativas/361-INIC-LOMPAL-CRUZ-PM.pdf,
1000,storage/iniciativas/9-INIC-INMUEBLE-NEZA-EJEC.pdf,storage/decretos/DECRETO 218.pdf
1017,storage/iniciativas/376-INIC-AGUA-PMC.pdf,
1017,storage/iniciativas/376-INIC-AGUA-PMC.pdf,
1018,storage/iniciativas/377-INIC-LOMPAL-PMC.pdf,
1019,storage/iniciativas/378-INIC-COD-PENAL-PRD.pdf,
1290,storage/iniciativas/92-PA-ANTICOR-VALDEÑA-PM.pdf,storage/decretos/ACUERDO 92.pdf
1291,storage/iniciativas/60-PA-ECATEPEC-SANTILLAN-PT.PDF,
1292,storage/iniciativas/93-PA-VIAL-MEJIA-PRI.PDF,storage/decretos/ACUERDO 93.pdf
1021,storage/iniciativas/2-INFORMES-OSFEM.pdf,storage/decretos/DECRETO 223.pdf
1022,storage/iniciativas/377-INIC-INGR-EDO-2026-EJEC.pdf,storage/decretos/DECRETO 238.pdf
1023,storage/iniciativas/378-INIC-INGR-MPIOS-2026-EJEC.pdf,storage/decretos/DECRETO 239.pdf
1024,storage/iniciativas/379-INIC-PRESUPUESTO-2026-EJEC.pdf,storage/decretos/DECRETO 241.pdf
1025,storage/iniciativas/380-INIC-COD-ADMINIST-2026-EJEC.pdf,storage/decretos/DECRETO 240.pdf
1026,storage/iniciativas/381-INIC-FAIS-2026-EJEC.pdf,storage/decretos/DECRETO 242.pdf
1027,storage/iniciativas/382-402-OFIC-TARIFAS DE AGUA 2026.doc,storage/decretos/DEC 258.pdf
1028,storage/iniciativas/382-402-OFIC-TARIFAS DE AGUA 2026.doc,storage/decretos/DEC 258.pdf
1029,storage/iniciativas/382-402-OFIC-TARIFAS DE AGUA 2026.doc,storage/decretos/DEC 258.pdf
1030,storage/iniciativas/382-402-OFIC-TARIFAS DE AGUA 2026.doc,storage/decretos/DEC 258.pdf
1031,storage/iniciativas/382-402-OFIC-TARIFAS DE AGUA 2026.doc,storage/decretos/DEC 258.pdf
1032,storage/iniciativas/382-402-OFIC-TARIFAS DE AGUA 2026.doc,storage/decretos/DEC 258.pdf
1033,storage/iniciativas/382-402-OFIC-TARIFAS DE AGUA 2026.doc,storage/decretos/DEC 258.pdf
1034,storage/iniciativas/382-402-OFIC-TARIFAS DE AGUA 2026.doc,storage/decretos/DEC 258.pdf
1035,storage/iniciativas/382-402-OFIC-TARIFAS DE AGUA 2026.doc,storage/decretos/DEC 258.pdf
1036,storage/iniciativas/382-402-OFIC-TARIFAS DE AGUA 2026.doc,storage/decretos/DEC 258.pdf
1037,storage/iniciativas/382-402-OFIC-TARIFAS DE AGUA 2026.doc,storage/decretos/DEC 258.pdf
1038,storage/iniciativas/382-402-OFIC-TARIFAS DE AGUA 2026.doc,storage/decretos/DEC 258.pdf
1039,storage/iniciativas/382-402-OFIC-TARIFAS DE AGUA 2026.doc,storage/decretos/DEC 258.pdf
1040,storage/iniciativas/382-402-OFIC-TARIFAS DE AGUA 2026.doc,storage/decretos/DEC 258.pdf
1041,storage/iniciativas/382-402-OFIC-TARIFAS DE AGUA 2026.doc,storage/decretos/DEC 258.pdf
1042,storage/iniciativas/382-402-OFIC-TARIFAS DE AGUA 2026.doc,storage/decretos/DEC 258.pdf
1043,storage/iniciativas/382-402-OFIC-TARIFAS DE AGUA 2026.doc,storage/decretos/DEC 258.pdf
1044,storage/iniciativas/382-402-OFIC-TARIFAS DE AGUA 2026.doc,storage/decretos/DEC 258.pdf
1045,storage/iniciativas/382-402-OFIC-TARIFAS DE AGUA 2026.doc,storage/decretos/DEC 258.pdf
1046,storage/iniciativas/382-402-OFIC-TARIFAS DE AGUA 2026.doc,storage/decretos/DEC 258.pdf
1047,storage/iniciativas/382-402-OFIC-TARIFAS DE AGUA 2026.doc,storage/decretos/DEC 258.pdf
1048,storage/iniciativas/7-INIC-PIÑATA-OSVALDO-PM.pdf,storage/decretos/DECRETO 221.pdf
1049,storage/iniciativas/403-INIC-LOMPAL-EDGAR-PM.pdf,
1050,storage/iniciativas/404-INIC-VIVIENDA-LUISA-PM.pdf,
1051,storage/iniciativas/405-INIC-JUVENTUD-LULE-PM.pdf,
1052,storage/iniciativas/406-INIC-COD-CIVIL-BRENDA-PM.pdf,
1053,storage/iniciativas/407-INIC-AGUA-ISAIAS-PVEM.pdf,
1054,storage/iniciativas/408-INIC-FLORICULTOR-HECTOR-PVEM.pdf,
1055,storage/iniciativas/409-INIC-CONSTITUC-OSCAR-PT.pdf,
1056,storage/iniciativas/410-INIC-PERICIALES-COLIN-PRI.pdf,
1057,storage/iniciativas/411-INIC-VICTIMAS-CASTRO-PRI.pdf,
1058,storage/iniciativas/412-INIC-COD-FINANC-ZARZOSA-PRI.pdf,
1059,storage/iniciativas/413-INIC-DATOS-ANUAR-PAN.pdf,
1060,storage/iniciativas/414-INIC-COD-PENAL-EMMA-PAN.pdf,
1061,storage/iniciativas/415-INIC-CONGRESO-PMC.pdf,
1062,storage/iniciativas/416-INIC-JUVENTUD-PMC.pdf,storage/decretos/DECRETO 235.pdf
1293,storage/iniciativas/94-PA-CANINA-PRD.pdf,storage/decretos/ACUERDO 94.pdf
1294,,storage/decretos/ACUERDO 95.pdf
1063,storage/iniciativas/8-1-INIC-INMUEBLE-TLALNEPANTLA-EJEC.pdf,storage/decretos/DECRETO 225.pdf
1064,storage/iniciativas/8-2-INIC-INMUEBLE-CHALCO-EJEC.pdf,storage/decretos/DECRETO 226.pdf
1065,storage/iniciativas/8-3-INIC-INMUEBLE-VALLE DE CHALCO S-EJEC.pdf,storage/decretos/DECRETO 227.pdf
1066,storage/iniciativas/8-4-INIC-INMUEBLE-CBT-IXTAPAN DE LA SAL-EJEC.pdf,storage/decretos/DECRETO 228.pdf
1067,storage/iniciativas/8-5-INIC-INMUEBLE-ANEXA-IXTAPAN DE LA SAL-EJEC.pdf,storage/decretos/DECRETO 229.pdf
1068,storage/iniciativas/8-6-INIC-INMUEBLE-URIS-IXTAPAN DE LA SAL-EJEC.pdf,storage/decretos/DECRETO 230.pdf
1069,storage/iniciativas/8-7-INIC-INMUEBLE-PJUDICIAL-IXTAPAN DE LA SAL-EJEC.pdf,storage/decretos/DECRETO 231.pdf
1070,storage/iniciativas/8-8-INIC-INMUEBLE-SECUNDARIA-IXTAPAN DE LA SAL-EJEC.pdf,storage/decretos/DECRETO 232.pdf
1071,storage/iniciativas/391-INIC-COD-PENAL-EJEC.pdf,storage/decretos/DECRETO 244.pdf
1072,storage/iniciativas/392-INIC-CONSTITUC-EJEC.pdf,storage/decretos/DECRETO 261.pdf
1073,storage/iniciativas/393-INIC-CONSTITUC-EJEC-TSJ-JCP-FISCALIA-DH.pdf,storage/decretos/DECRETO 265.pdf
1074,storage/iniciativas/394-INIC-COD-CIVIL-PAOLA-PM.pdf,
1075,storage/iniciativas/395-INIC-COD-ADM-ISRAEL-PM.pdf,
1076,storage/iniciativas/396-INIC-CONSTITUC-PEREZ-PM.pdf,
1077,storage/iniciativas/397-INIC-EDUCAC-IMM-PVEM.pdf,
1078,storage/iniciativas/398-INIC-JUVENTUC-ADAME-PVEM.pdf,
1079,storage/iniciativas/399-INIC-TRABAJO-SANTILLAN-PT.pdf,
1080,storage/iniciativas/400-INIC-LOMPAL-YURIXI-PT.pdf,
1081,storage/iniciativas/401-INIC-COD-FINANC-ELIAS-PRI.pdf,
1082,storage/iniciativas/402-INIC-MUJERES-CAMACHO-PRI.pdf,
1083,storage/iniciativas/403-INIC-JUSTICIA-ALEXIA-PAN.pdf,
1084,storage/iniciativas/404-INIC-COD-ADM-KRISHNA-PAN.pdf,
1085,storage/iniciativas/405-INIC-CONSTITUC-PMC.pdf,
1086,storage/iniciativas/406-INIC-DEFENSOR-PMC.pdf,
1087,storage/iniciativas/407-INIC-COD-PENAL-PRD.pdf,
1295,storage/iniciativas/96-PA-AGRICOLAS-ROSA-PM.pdf,storage/decretos/ACUERDO 96.pdf
1296,storage/iniciativas/97-PA-JUSTICIA-NELLY-PM.pdf,storage/decretos/ACUERDO 97.pdf
1088,storage/iniciativas/2-OFIC-RENUNCI-TSJ.pdf,storage/decretos/DECRETO 248.pdf
1297,,storage/decretos/ACUERDO 98.pdf
1089,storage/iniciativas/13-INIC-INMUEBLE-IXTAPANDELASAL-EJEC.pdf,storage/decretos/DECRETO 251.pdf
1090,storage/iniciativas/398-INIC-BIODIVER-EJEC.pdf,storage/decretos/DECRETO 246.pdf
1091,storage/iniciativas/15-INIC-MOLINILLO-AZUCENA-PM.pdf,storage/decretos/DECRETO 253.pdf
1092,storage/iniciativas/399-INIC-TRABAJO-LUISA-PM.pdf,
1093,storage/iniciativas/400-INIC-COD-FINANC-SAMUEL-PM.pdf,
1094,storage/iniciativas/401-INIC-FISCALIA-YESICA-PM.pdf,
1095,storage/iniciativas/402-INIC-COD-CIVIL-ROSA-PM.pdf,
1096,storage/iniciativas/403-INIC-VIVIENDA-OCTAVIO-PM.pdf,
1097,storage/iniciativas/404-INIC-COD-ADM-HONORIA-PVEM.pdf,
1098,storage/iniciativas/405-INIC-MUJERES-ADAME-PVEM.pdf,
1099,storage/iniciativas/406-INIC-SEGURIDAD-ZARZOSA-PRI.pdf,
1100,storage/iniciativas/407-INIC-SEGURIDAD-CAMACHO-PRI.pdf,
1101,storage/iniciativas/408-INIC-ASISTENCIA-EMMA-PAN.pdf,
1102,storage/iniciativas/409-INIC-MOVILIDAD-PMC.pdf,
1103,storage/iniciativas/410-INIC-REBOZO-PMC.pdf,
1104,storage/iniciativas/411-INIC-COD-ADM-PRD.pdf,
1298,storage/iniciativas/61-PA-BOSQUES-VANESSA-PVEM.pdf,
1299,storage/iniciativas/99-PA-ZINACANTEPEC-SARA-PT.pdf,storage/decretos/ACUERDO 99.pdf
1300,storage/iniciativas/100-PA-PRODUCTORES-MEJIA-PRI.pdf,storage/decretos/ACUERDO 100.pdf
1301,storage/iniciativas/62-PA-ZUMPANGO-URBINA-PRI.pdf,
1105,storage/iniciativas/7-INIC-CONVENIO-CHIMALHUACAN-EJEC.pdf,storage/decretos/DECRETO 237.pdf
1106,storage/iniciativas/100-2-INIC-AÑO2026-NEGRETE-PM.pdf,storage/decretos/DECRETO 245.pdf
1107,storage/iniciativas/402-INIC-DESAPARICION-EJEC.pdf,storage/decretos/DECRETO 266.pdf
1108,storage/iniciativas/403-INIC-COSTITUCION-SEG-EJEC.pdf,storage/decretos/DECRETO 274.pdf
1109,storage/iniciativas/404-INIC-SEGURIDAD-EJEC.pdf,storage/decretos/DECRETO 267.pdf
1110,storage/iniciativas/5-INIC-INMUEBLE-NICOLASROMERO-EJEC.pdf,storage/decretos/DECRETO 259.pdf
1112,storage/iniciativas/405-INIC-EXTORSION-EJEC.pdf,storage/decretos/DECRETO 268.pdf
1113,storage/iniciativas/5-INIC-SINTIENTES-AZUCENA-PM.docx,storage/decretos/DECRETO 263.pdf
1114,storage/iniciativas/260-INIC-5EXTRA.doc,storage/decretos/DECRETO 260.pdf
1302,,storage/decretos/ACUERDO 101.pdf
1115,storage/iniciativas/4-INIC-INMUEBLE-CHALCO-EJEC.pdf,storage/decretos/DECRETO 272.pdf
1116,storage/iniciativas/5-INIC-RENUNCIA-JUEZA-TSJ.pdf,storage/decretos/DECRETO 269.pdf
1117,storage/iniciativas/6-INIC-TECUI-AZUCENA-PM.docx,storage/decretos/DECRETO 271.pdf
64d5167a-0714-4087-815f-ef8404f45edb,storage/iniciativas/4-INIC-INMUEBLE-OTUMBA-EJEC.pdf,storage/decretos/DECRETO 273.pdf
43d0a852-e3a7-47ce-9d0c-cecbc949ccb8,storage/iniciativas/401-INIC-COD-CIVIL-TSJ.pdf,
134a35b1-cbb4-42d5-83d4-625720ec7c7c,storage/iniciativas/402-INIC-LOPJUD-TSJ.pdf,
a87a284b-3014-4432-877b-15af209cca40,storage/iniciativas/403-INIC-CONSTITUC-PLIEGO-PM.pdf,
e5813f45-e19f-410a-8c6c-28ed1a750bdf,storage/iniciativas/404-INIC-COD-PENAL-JAVIER-PM.pdf,
1aa75501-a5e4-4c4a-86c7-6272dd68b125,storage/iniciativas/405-INIC-LOMPAL-VALENTIN-PM.pdf,
dc4fddac-d77b-4554-9eeb-f404b7ef0bb1,storage/iniciativas/406-INIC-MAZCAL-ESPINDOLA-PM.pdf,
52d08af5-e4f2-45de-8ec9-6d671581679d,storage/iniciativas/407-INIC-COD-PENAL-ZAIRA-PM.pdf,
b5ef85cb-e06a-4f05-9959-f636b203ac22,storage/iniciativas/408-INIC-CONSTITUC-PAOLA-PM.pdf,
31c829ad-c61e-4c77-9b0e-c771f79dc179,storage/iniciativas/409-INIC-TRABAJO-RIGOBERTO-PM.pdf,storage/decretos/DECRETO 275.pdf
8842469e-513c-44f3-a488-3d05d9c4e269,storage/iniciativas/410-INIC-PAZ-ITZEL-PVEM.pdf,
6c8ebd7d-bc53-498a-9503-a6a657bed30f,storage/iniciativas/411-INIC-EDUCAC-ADAME-PVEM.pdf,
70b34c5d-d4e5-46d5-bdee-c639b9052d71,storage/iniciativas/412-INIC-CONSTITUC-SOFIA-PT.pdf,
35caaba2-1ade-45b1-af5f-987be38a4914,storage/iniciativas/413-INIC-TURISMO-URBINA-PRI.pdf,
db1832de-e986-4b46-8cd8-c252f010a6c6,storage/iniciativas/414-INIC-FISCALIA-JOANNA-PAN.pdf,
2e7d8363-e2c7-4d79-83b5-8abfa79ed23b,storage/iniciativas/415-INIC-BIODIV-ANUAR-PAN.pdf,
8c56486d-cd73-430d-b31e-e824fad60f44,storage/iniciativas/416-INIC-BIODIV-PMC.pdf,
f1a561b8-0214-4f57-a5c6-7c33b615d896,storage/iniciativas/417-INIC-EDUCAC-PRD.pdf,
79d2ed68-61b3-428e-8920-2ccdcb2045f0,storage/iniciativas/417-INIC-CIENEGAS-EJEC.pdf,
44dd11db-b617-411e-a86f-17fdc9e25a00,storage/iniciativas/418-INIC-BIODIV-EJEC.pdf,
a29ea275-132d-4b08-84f8-b51105fa5128,storage/iniciativas/419-INIC-SALUD-EJEC.pdf,
6df05a0e-edc7-4195-809e-469f775f119f,storage/iniciativas/7-INIC-BARBACOA-AZUCENA-PM.docx,storage/decretos/DECRETO 276.pdf
66803db2-d8a3-4c91-8efe-4679ce20b4ca,storage/iniciativas/420-INIC-IGUALDAD-ROSA-PM.pdf,
dc88ac52-11e4-4bef-840b-b572b821009e,storage/iniciativas/421-INIC-COD-PENAL-OCTAVIO-PM.pdf,
205a3a23-29d3-49f9-9c88-327f3d3349ad,storage/iniciativas/422-INIC-BIENESTAR-EDMUNDO-PM.pdf,
69890756-8da0-4d87-bd79-2868e8a17030,storage/iniciativas/423-INIC-CAFETICULTOR-PVEM.pdf,
c3311346-0852-46bf-bc94-bf22fc2c3e44,storage/iniciativas/424-INIC-LOMPAL-PVEM.pdf,
5f588383-271e-4129-abd3-5a5716e6c4e7,storage/iniciativas/425-INIC-ADULTAS-KRISHNA-PAN.pdf,
70561c4a-c15b-4e69-8c0d-76649027c3c6,storage/iniciativas/426-INIC-EDUCACIÓN-PMC.pdf,
92f39145-0efb-4401-80ab-f6ade2e99319,storage/iniciativas/427-INIC-BIODIV-PRD.pdf,
d3dda32b-ee69-4733-a402-a8d15c52b8a8,storage/iniciativas/428-INIC-EDUCACIÓN-ANAI-PT.pdf,
1bec02bc-701e-4020-806a-7a5f55bc2726,storage/iniciativas/429-INIC-DEDESAPARICION-YURIXI-PT.pdf,
3228098b-15ef-46b7-83ed-6bbfca078b85,storage/iniciativas/7-INIC-PIROTECNIA-LULE-PM.pdf,
9470789b-3fb8-47d0-b154-e260f641da28,storage/iniciativas/428-INIC-MOVILIDAD-ARLETH-PM.pdf,
6d18a36b-af1c-48be-a342-7a83fbd7915a,storage/iniciativas/429-INIC-COD-PENAL-COLETTE-PM.pdf,
6a0ab3a3-50eb-4aa3-84d7-5538f819b932,storage/iniciativas/430-INIC-CONSTITUC-OCTAVIO-PM.pdf,
a1556538-26f5-43e0-aa23-db9f5f3e849f,storage/iniciativas/431-INIC-CONSTITUC-JENNIFER-PM.pdf,
79f256eb-3131-46c3-8a50-f88a789937f0,storage/iniciativas/433-INIC-FISCALIA-LUISA-PM.pdf,
545a8897-c94f-4695-94b7-2fa076238570,storage/iniciativas/434-INIC-MUJERES-ZAIRA-PM.pdf,
4b4de5b9-43dd-42b5-a627-4de39661abc6,storage/iniciativas/435-INIC-IMPUESTO-ADAME-PVEM.pdf,
1e815bd2-df08-4433-8bdf-5ffd1761bbba,storage/iniciativas/436-INIC-AGUA-SILVA-PVEM.pdf,
f4949330-3be7-457c-8709-47bbd377988e,storage/iniciativas/437-INIC-CONSTITUC-CAMACHO-PRI.pdf,
1168,storage/iniciativas/438-INIC-COD-FINANC-ANUAR-PAN.pdf,
f5e06b39-c3cb-48b1-8754-347731d5e113,storage/iniciativas/439-INIC-COD-ADM-PMC.pdf,
cac68334-8ada-4132-8b87-e94b915d8fab,storage/iniciativas/440-INIC-UNIVER-PMC.pdf,
66c283d0-07ba-4ed7-8d51-6c2315ff2af7,storage/iniciativas/441-INIC-CONSTITUC-PRD.pdf,
ecf66a69-d427-4fdc-8c6d-57b9ee4329c2,storage/iniciativas/6-INIC-INMUEBLE-TEPOTZOTLÁN-EJEC.pdf,
64b469b1-9b08-471d-bb31-a31091de1090,storage/iniciativas/432-INIC-COD-ADM-ESTEBAN-PM.pdf,
c21b26f0-772f-42ae-9e4d-f88112e36766,storage/iniciativas/433-INIC-CONSTITUC-VALENTIN-PM.pdf,
46c42b2e-3a07-421b-8b89-47adbf0729fd,storage/iniciativas/434-INIC-EDUCAC-PAOLA-PM.pdf,
1f02bdb0-7fe9-4f29-aa2b-7029e53cf9b4,storage/iniciativas/435-INIC-COD-ADM-ROSA-PM.pdf,
0b9fb75e-458a-4de5-adcd-898943ab12fa,storage/iniciativas/436-INIC-LOMPAL-GUTIERREZ-PM.pdf,
e5dec75c-baea-40ed-85a9-620d8b7dca51,storage/iniciativas/437-INIC-LOAP-OCTAVIO-PM.pdf,
d2a4fe17-e5a1-4250-b256-daa619976a47,storage/iniciativas/438-INIC-COD-PENAL-ITZEL-PVEM.pdf,
1b8cce94-775c-40e7-b0fa-d26407035ce9,storage/iniciativas/439-INIC-DEPORTE-ADAME-PVEM.pdf,
00ffa523-ad65-4cab-ac8e-8dd647531588,storage/iniciativas/440-INIC-NIÑAS-SILVA-PVEM.pdf,
0228e28d-293e-4f46-89ec-b833335003e6,storage/iniciativas/441-INIC-COD-ADM-COLIN-PRI.pdf,
4554804c-b17e-4e56-bff5-0cd42527ae4a,storage/iniciativas/442-INIC-ING-MPIOS-ROCIO-PAN.pdf,
4332369d-177c-4a44-a024-c723d5743e63,storage/iniciativas/443-INIC-COD-CIVIL-JOANNA-PAN.pdf,
b3665bb6-4d2d-4e07-ade6-1418a7261adb,storage/iniciativas/444-INIC-PRESTAC-PMC.pdf,
13ae9253-5d65-4edd-ba5a-7c9530f474c4,storage/iniciativas/445-INIC-LOAP-PMC.pdf,
0283865c-9b00-4cbe-841d-14c45df18222,storage/iniciativas/446-INIC-COD-CIVIL-PRD.PDF,
